"DEPOSIT.NAME","LATITUDE","LONGITUDE","REEs","Ce","Nd","Y","Eu","Gd","Dy","Er","Tm","Lu","La","Pr","Sm","Tb","Yb","Ho"
"Ablah","20.0833","41.91667",NA,"0","0","0","0","0","0","0","0","0","0","0","0","0","0","0"
"Abu Tartar","25.4333","30.0333",NA,"0","0","0","0","0","0","0","0","0","0","0","0","0","0","0"
"Adiounedj","20.183333","0.06667","Ce, Nd, Y","1","1","1","0","0","0","0","0","0","0","0","0","0","0","0"
"Agate Mountain","-18.45","12.0833","Y, Eu, Gd, Dy, Er, Tm, Lu","0","0","1","1","1","1","1","1","1","0","0","0","0","0","0"
"Agnes Waters (Rocky Point)","-24.21667","151.9","La, Ce, Pr, Nd, Sm, Tb","1","1","0","0","0","0","0","0","0","1","1","1","1","0","0"
"Agnew Lake","46.3667","-81.75",NA,"0","0","0","0","0","0","0","0","0","0","0","0","0","0","0"
"Aguas Dulces","-34.25","-53.716667","La, Ce, Pr, Nd, Sm, Tb","1","1","0","0","0","0","0","0","0","1","1","1","1","0","0"
"Akitskii","56.01667","110.3667","Y, Tb, Yb, Ce, La, Nd","1","1","1","0","0","0","0","0","0","1","0","0","1","1","0"
"Alcobaca","-17.25","-39.23333","La, Ce, Pr, Nd, Sm, Tb","1","1","0","0","0","0","0","0","0","1","1","1","1","0","0"
"Aley","56.45","-123.7333","Ce","1","0","0","0","0","0","0","0","0","0","0","0","0","0","0"
"Alice Springs","-23.06667","134.55","La, Ce","1","0","0","0","0","0","0","0","0","1","0","0","0","0","0"
"Allied Eneabba","-29.9","115.2667","La, Ce, Pr, Nd, Sm, Tb","1","1","0","0","0","0","0","0","0","1","1","1","1","0","0"
"Alto Ligonha","-15.75","39",NA,"0","0","0","0","0","0","0","0","0","0","0","0","0","0","0"
"Alwaya (Alwaye)","10.11667","76.333","La, Ce, Pr, Nd, Sm, Tb","1","1","0","0","0","0","0","0","0","1","1","1","1","0","0"
"Ambatofinandrahana igneous complex","-20.45","46.95","Y, Eu, Gd, Dy, Er, Tm, Lu","0","0","1","1","1","1","1","1","1","0","0","0","0","0","0"
"Amis Complex","-21.1667","14.5","Y, La, Ce, Pr, Nd, Sm, Tb, Yb, Eu, Gd, Dy, Er, Tm, Lu","1","1","1","1","1","1","1","1","1","1","1","1","1","1","0"
"Amity","-27.4","153.4333","La, Ce, Pr, Nd, Sm, Tb","1","1","0","0","0","0","0","0","0","1","1","1","1","0","0"
"Amma (Amba) Dongar (Ambadungar)","22","74",NA,"0","0","0","0","0","0","0","0","0","0","0","0","0","0","0"
"Ampasindava area- Bezavona complex","-13.8","48.0833","Ce, Y, La, Nd, Pr, Gd","1","1","1","0","1","0","0","0","0","1","1","0","0","0","0"
"Anchieta (Parati, Imbiri, Pipa de Viho, Maeba)","-20.76667","-40.58333","La, Ce, Pr, Nd, Sm, Tb","1","1","0","0","0","0","0","0","0","1","1","1","1","0","0"
"Anezrouf","20.06667","0.05","Nd","0","1","0","0","0","0","0","0","0","0","0","0","0","0","0"
"Angico dos Dias","-9.416667","-42","Ce, La, Nd, Sm, Gd","1","1","0","0","1","0","0","0","0","1","0","1","0","0","0"
"Angoche","-16.1667","39.916667","La, Ce, Pr, Nd, Sm, Tb","1","1","0","0","0","0","0","0","0","1","1","1","1","0","0"
"Anitapolis","-27.8","-49.0833","Ce, La, Nd, Sm, Gd","1","1","0","0","1","0","0","0","0","1","0","1","0","0","0"
"Anomalnoe","54.0667","157.4",NA,"0","0","0","0","0","0","0","0","0","0","0","0","0","0","0"
"Antete area","-19.4","48.61667","La, Ce, Pr, Nd, Sm, Tb","1","1","0","0","0","0","0","0","0","1","1","1","1","0","0"
"Aracruz","-19.96667","-40.15","La, Ce, Pr, Nd, Sm, Tb","1","1","0","0","0","0","0","0","0","1","1","1","1","0","0"
"Araxa (Barreiro)","-19.6333","-46.9333","La, Ce, Pr, Nd, Sm, Tb, Gd, Y","1","1","1","0","1","0","0","0","0","1","1","1","1","0","0"
"Archie Lake","59.5667","-107.7333","La, Ce, Pr, Nd, Sm, Tb","1","1","0","0","0","0","0","0","0","1","1","1","1","0","0"
"Arenopolis (Areianopolis)","-16.3667","-51.5333","Ce, La, Y, Nd, Pr, Gd","1","1","1","0","1","0","0","0","0","1","1","0","0","0","0"
"Argor (South Bluff Creek, James Bay, Alpha-B)","50.75","-81.01667",NA,"0","0","0","0","0","0","0","0","0","0","0","0","0","0","0"
"Arimoor","8.4333","9.2833","La, Ce, Pr, Nd, Sm, Tb","1","1","0","0","0","0","0","0","0","1","1","1","1","0","0"
"Atlantida","-32.2","-55.8","La, Ce, Pr, Nd, Sm, Tb","1","1","0","0","0","0","0","0","0","1","1","1","1","0","0"
"Atlin-Ruffner","45.016667","-78.18333","La, Ce","1","0","0","0","0","0","0","0","0","1","0","0","0","0","0"
"Australind","-33.2333","115.75","La, Ce, Pr, Nd, Sm, Tb","1","1","0","0","0","0","0","0","0","1","1","1","1","0","0"
"Ayer Kuning","4.18333","101.15","La, Ce, Pr, Nd, Sm, Tb","1","1","0","0","0","0","0","0","0","1","1","1","1","0","0"
"Azov Sea Coast Dikes","47.18333","36.5667",NA,"0","0","0","0","0","0","0","0","0","0","0","0","0","0","0"
"Azovske","45.58333","34.5667",NA,"0","0","0","0","0","0","0","0","0","0","0","0","0","0","0"
"Badarmokam","23.6833","90.35","La, Ce, Pr, Nd, Sm, Tb","1","1","0","0","0","0","0","0","0","1","1","1","1","0","0"
"Baerzhe","40","125.5","Y, Nd, Ce","1","1","1","0","0","0","0","0","0","0","0","0","0","0","0"
"Bailundo","-12.15","15.95","Y, Eu, Gd, Dy, Er, Tm, Lu, Ce, La, Nd","1","1","1","1","1","1","1","1","1","1","0","0","0","0","0"
"Baima","26.55","100.6333",NA,"0","0","0","0","0","0","0","0","0","0","0","0","0","0","0"
"Baja Guainia area","3.6","-74.6833","La, Ce, Pr, Nd, Sm, Tb","1","1","0","0","0","0","0","0","0","1","1","1","1","0","0"
"Bakhuis Mountains - K/3 Deposit","4.4333","-57.0667","La, Ce, Pr, Nd, Sm, Tb","1","1","0","0","0","0","0","0","0","1","1","1","1","0","0"
"Bald Mountain","44.8","-107.8","La, Ce, Pr, Nd, Sm, Tb","1","1","0","0","0","0","0","0","0","1","1","1","1","0","0"
"Ban Yun","7.95","98.333","La, Ce, Pr, Nd, Sm, Tb","1","1","0","0","0","0","0","0","0","1","1","1","1","0","0"
"Bancroft-Haliburton area","45.5","-77.5","La, Ce","1","0","0","0","0","0","0","0","0","1","0","0","0","0","0"
"Banda Aceh","5.58333","95.3333","La, Ce, Pr, Nd, Sm, Tb","1","1","0","0","0","0","0","0","0","1","1","1","1","0","0"
"Bang Lin","12.8333","101.4333","La, Ce, Pr, Nd, Sm, Tb","1","1","0","0","0","0","0","0","0","1","1","1","1","0","0"
"Bangalore","12.9833","77.6","La, Ce, Pr, Nd, Sm, Tb","1","1","0","0","0","0","0","0","0","1","1","1","1","0","0"
"Banka Island (Bangka)","-2.25","106","La, Ce, Pr, Nd, Sm, Tb, Y, Yb","1","1","1","0","0","0","0","0","0","1","1","1","1","1","0"
"Baraghoriapara","21.58333","91.9333","La, Ce, Pr, Nd, Sm, Tb","1","1","0","0","0","0","0","0","0","1","1","1","1","0","0"
"Barra do Itapirapua","-24.6833","-49.21667","Y, Eu, Gd, Dy, Er, Tm, Lu, Ce, La, Nd","1","1","1","1","1","1","1","1","1","1","0","0","0","0","0"
"Barrytown","-42.2333","171.31667","La, Ce, Pr, Nd, Sm, Tb","1","1","0","0","0","0","0","0","0","1","1","1","1","0","0"
"Bastnas","59.85","15.58333","La, Ce","1","0","0","0","0","0","0","0","0","1","0","0","0","0","0"
"Batang Berjuntai area","3.3333","101.5","La, Ce, Pr, Nd, Sm, Tb, Y, Yb","1","1","1","0","0","0","0","0","0","1","1","1","1","1","0"
"Batang Padang","3.98333","101.4333","La, Ce, Pr, Nd, Sm, Tb, Y, Yb","1","1","1","0","0","0","0","0","0","1","1","1","1","1","0"
"Bates Hole area","42.5833","-106.4333","La, Ce, Pr, Nd, Sm, Tb","1","1","0","0","0","0","0","0","0","1","1","1","1","0","0"
"Batu Gajah","4.5","101","La, Ce, Pr, Nd, Sm, Tb, Y, Yb","1","1","1","0","0","0","0","0","0","1","1","1","1","1","0"
"Bayan Obo (Baotou)","41.75","109.96667","Y, Eu, Gd, Dy, Er, Tm, Lu, La, Ce, Pr, Nd, Sm, Tb, Yb","1","1","1","1","1","1","1","1","1","1","1","1","1","1","0"
"Bayside (Yoganup North)","-33.5833","115.5833","La, Ce, Pr, Nd, Sm, Tb","1","1","0","0","0","0","0","0","0","1","1","1","1","0","0"
"Bear Lodge Mountains","44.4833","-104.45","Ce, La, Nd, Pr, Sm","1","1","0","0","0","0","0","0","0","1","1","1","0","0","0"
"Bear Valley","44.35","-115.4","La, Ce, Pr, Nd, Sm, Tb, Y, Yb","1","1","1","0","0","0","0","0","0","1","1","1","1","1","0"
"Bearpaw Mountains (Rocky Boy)","48.1667","-109.7333","Ce","1","0","0","0","0","0","0","0","0","0","0","0","0","0","0"
"Beenup (Scott River)","-34.1667","115.25","La, Ce, Pr, Nd, Sm, Tb","1","1","0","0","0","0","0","0","0","1","1","1","1","0","0"
"Beihei (Beihai, Peibhai?) District","21.4833","109.1","La, Ce, Pr, Nd, Sm, Tb","1","1","0","0","0","0","0","0","0","1","1","1","1","0","0"
"Beihei District","21.4833","109.0833","La, Ce, Pr, Nd, Sm, Tb","1","1","0","0","0","0","0","0","0","1","1","1","1","0","0"
"Belitung (Billiton)","-2.8333","107.91667","La, Ce, Pr, Nd, Sm, Tb, Y, Yb","1","1","1","0","0","0","0","0","0","1","1","1","1","1","0"
"Berhala Island","0.8833","104.41667","La, Ce, Pr, Nd, Sm, Tb","1","1","0","0","0","0","0","0","0","1","1","1","1","0","0"
"Beruwala","6.48333","79.98333","La, Ce, Pr, Nd, Sm, Tb","1","1","0","0","0","0","0","0","0","1","1","1","1","0","0"
"Bidor Malaya Mine","4.1","101.2667","La, Ce, Pr, Nd, Sm, Tb","1","1","0","0","0","0","0","0","0","1","1","1","1","0","0"
"Big Creek","44.4667","-115.9833","La, Ce, Pr, Nd, Sm, Tb, Y, Yb","1","1","1","0","0","0","0","0","0","1","1","1","1","1","0"
"Big Spruce Lake","63.55471","-115.905966",NA,"0","0","0","0","0","0","0","0","0","0","0","0","0","0","0"
"Bilugyun and Kyaikkami Beach","16.333","97.45","La, Ce, Pr, Nd, Sm, Tb","1","1","0","0","0","0","0","0","0","1","1","1","1","0","0"
"Bingo (Bingu)","0.6","29.2833",NA,"0","0","0","0","0","0","0","0","0","0","0","0","0","0","0"
"Birchfield","-41.68333","171.8","La, Ce, Pr, Nd, Sm, Tb","1","1","0","0","0","0","0","0","0","1","1","1","1","0","0"
"Birthday Gift (Murray Basin)","-30","142",NA,"0","0","0","0","0","0","0","0","0","0","0","0","0","0","0"
"Blackfoot Bridge","42.11667","-111.51667","La, Ce, Pr, Nd, Sm, Tb","1","1","0","0","0","0","0","0","0","1","1","1","1","0","0"
"Bofal-Loubboira (Wadi Guellouar)","16.41667","-13.75",NA,"0","0","0","0","0","0","0","0","0","0","0","0","0","0","0"
"Bokan Mountain (Ross-Adams)","54.91299","-132.13509","Y, Ce, Nd, La, Sm, Gd, Dy, Ho, Er, Tm","1","1","1","0","1","1","1","1","0","1","0","1","0","0","1"
"Bomin-Khara","48.5","93",NA,"0","0","0","0","0","0","0","0","0","0","0","0","0","0","0"
"Bonga","-14.2667","13.96667","Ce, La, Nd, Y","1","1","1","0","0","0","0","0","0","1","0","0","0","0","0"
"Boorama","10.05","43.0833","Nd","0","1","0","0","0","0","0","0","0","0","0","0","0","0","0"
"Bordvedaga","66.408333","13.88333",NA,"0","0","0","0","0","0","0","0","0","0","0","0","0","0","0"
"Bou Naga","20.8","-13.7","Y, Eu, Gd, Dy, Er, Tm, Lu, La, Ce, Pr, Nd, Sm, Tb","1","1","1","1","1","1","1","1","1","1","1","1","1","0","0"
"Boulougne","30.7667","-82","La, Ce, Pr, Nd, Sm, Tb","1","1","0","0","0","0","0","0","0","1","1","1","1","0","0"
"Bowen (Abbot Point)","-19.8833","148.0833","La, Ce, Pr, Nd, Sm, Tb","1","1","0","0","0","0","0","0","0","1","1","1","1","0","0"
"Bowling Green","27.58021","-81.94569","Y, La","0","0","1","0","0","0","0","0","0","1","0","0","0","0","0"
"Brandberg Complex","-21.1333","14.55","La, Ce, Pr, Nd, Sm, Tb","1","1","0","0","0","0","0","0","0","1","1","1","1","0","0"
"Brejo Grande - Pacatuba","-10.5","-36.43333","La, Ce, Pr, Nd, Sm, Tb","1","1","0","0","0","0","0","0","0","1","1","1","1","0","0"
"Bridge Hill Ridge","-32.416667","152.46667","La, Ce, Pr, Nd, Sm, Tb","1","1","0","0","0","0","0","0","0","1","1","1","1","0","0"
"Brockman","-18.31667","127.76667","Y, Eu, Gd, Dy, Er, Tm, Lu, Tb, Yb","0","0","1","1","1","1","1","1","1","0","0","0","1","1","0"
"Bruce Bay","-43.5","169.8333","La, Ce, Pr, Nd, Sm, Tb","1","1","0","0","0","0","0","0","0","1","1","1","1","0","0"
"Brunswick-Altamaha","31.316667","-81.46667","La, Ce, Pr, Nd, Sm, Tb","1","1","0","0","0","0","0","0","0","1","1","1","1","0","0"
"Buena (Buena Norte, Buena Sul)","-21.51667","-41.08333","La, Ce, Pr, Nd, Sm, Tb","1","1","0","0","0","0","0","0","0","1","1","1","1","0","0"
"Buffalo Fluorspar","-24.5","28.5","La, Ce, Pr, Nd, Sm, Tb, Y, Eu, Gd, Dy, Er, Tm, Lu","1","1","1","1","1","1","1","1","1","1","1","1","1","0","0"
"Bukit Duabelas","-1.95","102.6667","La, Ce, Pr, Nd, Sm, Tb","1","1","0","0","0","0","0","0","0","1","1","1","1","0","0"
"Bukusu Complex (Busumbu, Busumu, Busuku)","0.8833","34.26667",NA,"0","0","0","0","0","0","0","0","0","0","0","0","0","0","0"
"Bunbury","-33.316667","115.6333","La, Ce, Pr, Nd, Sm, Tb, Y, Yb","1","1","1","0","0","0","0","0","0","1","1","1","1","1","0"
"Bunduk","40.75","44.75","La, Ce, Y, Nd, Sm","1","1","1","0","0","0","0","0","0","1","0","1","0","0","0"
"Burpalinskii (Burpala)","56.55","110.75","Ce, La, Y, Nd, Pr, Gd","1","1","1","0","1","0","0","0","0","1","1","0","0","0","0"
"Buru","-0.18333","35.16667","La, Ce, Pr, Nd, Sm, Tb","1","1","0","0","0","0","0","0","0","1","1","1","1","0","0"
"Busselton East","-33.6667","115.38333","La, Ce, Pr, Nd, Sm, Tb","1","1","0","0","0","0","0","0","0","1","1","1","1","0","0"
"Byfield (Bayfield)","-22.8","150.76667","La, Ce, Pr, Nd, Sm, Tb","1","1","0","0","0","0","0","0","0","1","1","1","1","0","0"
"Caballo Mountains","32.5333","-100.2833","Y, Eu, Gd, Dy, Er, Tm, Lu","0","0","1","1","1","1","1","1","1","0","0","0","0","0","0"
"Cabin Bluff","30.8833","-81.5",NA,"0","0","0","0","0","0","0","0","0","0","0","0","0","0","0"
"Cable Sands","-33.5","115.58333","La, Ce, Pr, Nd, Sm, Tb, Y, Yb","1","1","1","0","0","0","0","0","0","1","1","1","1","1","0"
"Caiapo","-16","-51.75",NA,"0","0","0","0","0","0","0","0","0","0","0","0","0","0","0"
"Caldwell Canyon","42.7333","-111.3667","La, Ce, Pr, Nd, Sm, Tb","1","1","0","0","0","0","0","0","0","1","1","1","1","0","0"
"Cam Hoa","18.216667","105.8667","La, Ce, Pr, Nd, Sm, Tb, Y, Yb","1","1","1","0","0","0","0","0","0","1","1","1","1","1","0"
"Cam Nhuong","18.3","105.8","La, Ce, Pr, Nd, Sm, Tb, Y, Yb","1","1","1","0","0","0","0","0","0","1","1","1","1","1","0"
"Camaratuba","-6.9","-35","La, Ce, Pr, Nd, Sm, Tb, Y, Yb","1","1","1","0","0","0","0","0","0","1","1","1","1","1","0"
"Capel","-33.55","115.55","La, Ce, Pr, Nd, Sm, Tb, Y, Yb","1","1","1","0","0","0","0","0","0","1","1","1","1","1","0"
"Capel (North Capel)","-33.51667","115.58333","La, Ce, Pr, Nd, Sm, Tb, Y, Yb","1","1","1","0","0","0","0","0","0","1","1","1","1","1","0"
"Capel South","-33.61667","115.45","La, Ce, Pr, Nd, Sm, Tb, Y, Yb","1","1","1","0","0","0","0","0","0","1","1","1","1","1","0"
"Capitan Mountains","33.61059","-105.45051","Ce, La, Y","1","0","1","0","0","0","0","0","0","1","0","0","0","0","0"
"Capuia","-11.9","16.25",NA,"0","0","0","0","0","0","0","0","0","0","0","0","0","0","0"
"Carb Lake","54.8","-92","Ce, Nd, Y","1","1","1","0","0","0","0","0","0","0","0","0","0","0","0"
"Careacu","-22.0333","-45.7","La, Ce, Pr, Nd, Sm, Tb","1","1","0","0","0","0","0","0","0","1","1","1","1","0","0"
"Cargill","49.3","-82.81667","Ce, La, Nd, Sm, Gd","1","1","0","0","1","0","0","0","0","1","0","1","0","0","0"
"Carolina monazite belt","33.40277","-81.79004","La, Ce, Pr, Nd, Sm, Tb, Y, Yb","1","1","1","0","0","0","0","0","0","1","1","1","1","1","0"
"Cat Khanh","13.5","109.2","La, Ce, Pr, Nd, Sm, Tb, Y, Yb","1","1","1","0","0","0","0","0","0","1","1","1","1","1","0"
"Cataby","-30.71667","115.51667","La, Ce, Pr, Nd, Sm, Tb","1","1","0","0","0","0","0","0","0","1","1","1","1","0","0"
"Catalao I","-18.25","-47.7833","Ce, Nd, La, Sm, Pr, Y, Gd","1","1","1","0","1","0","0","0","0","1","1","1","0","0","0"
"Catalao II","-18.0333","-47.8667","Nd","0","1","0","0","0","0","0","0","0","0","0","0","0","0","0"
"Cerro Bamba","-17.7333","-61.9","Ce","1","0","0","0","0","0","0","0","0","0","0","0","0","0","0"
"Cerro Impacto","6","-65.1667","Y, Eu, Gd, Dy, Er, Tm, Lu, Ce, La, Nd, Sm, Pr, Tb","1","1","1","1","1","1","1","1","1","1","1","1","1","0","0"
"Cerro Manomo","-15.5","-60.716667","Y, Eu, Gd, Dy, Er, Tm, Lu, La, Ce, Pr, Nd, Sm, Tb","1","1","1","1","1","1","1","1","1","1","1","1","1","0","0"
"Chamberlin District","45.31667","-115.11667","La, Ce","1","0","0","0","0","0","0","0","0","1","0","0","0","0","0"
"Champ","42.6667","-111.2667","La, Ce, Pr, Nd, Sm, Tb","1","1","0","0","0","0","0","0","0","1","1","1","1","0","0"
"Changan","34.1833","108.9833","La, Ce, Pr, Nd, Sm, Tb","1","1","0","0","0","0","0","0","0","1","1","1","1","0","0"
"Changit","70.2","100.1",NA,"0","0","0","0","0","0","0","0","0","0","0","0","0","0","0"
"Changling","44.25","123.98333",NA,"0","0","0","0","0","0","0","0","0","0","0","0","0","0","0"
"Chao Fa Mine","7.85","98.3333","La, Ce, Pr, Nd, Sm, Tb","1","1","0","0","0","0","0","0","0","1","1","1","1","0","0"
"Chatrapur (Chartrapur, Orissa Sands Complex/OSCOM)","19.3","84.95","La, Ce, Pr, Nd, Sm, Tb","1","1","0","0","0","0","0","0","0","1","1","1","1","0","0"
"Chavara (Quilon)- IREL","8.95","76.7","La, Ce, Pr, Nd, Sm, Tb","1","1","0","0","0","0","0","0","0","1","1","1","1","0","0"
"Chavara (Quilon)- KMML","9","76.7","La, Ce, Pr, Nd, Sm, Tb","1","1","0","0","0","0","0","0","0","1","1","1","1","0","0"
"Chenxian County","25.8","113.0333",NA,"0","0","0","0","0","0","0","0","0","0","0","0","0","0","0"
"Chernigovskii (Novopoltavskii)","47.233","36.25","La, Ce, Pr, Nd, Sm, Tb","1","1","0","0","0","0","0","0","0","1","1","1","1","0","0"
"Cheyne Bay","-34.5667","118.75","La, Ce, Pr, Nd, Sm, Tb","1","1","0","0","0","0","0","0","0","1","1","1","1","0","0"
"Chilembwe (Petauke)","-13.98333","31.68333",NA,"0","0","0","0","0","0","0","0","0","0","0","0","0","0","0"
"Chilka Lake","19.7667","85.233","La, Ce, Pr, Nd, Sm, Tb","1","1","0","0","0","0","0","0","0","1","1","1","1","0","0"
"Chilwa Island","-15.333","35.6","Ce, La, Nd, Sm, Y, Eu, Gd, Dy, Er, Tm, Lu","1","1","1","1","1","1","1","1","1","1","0","1","0","0","0"
"Chingshankangchow","23","120.08333","La, Ce, Pr, Nd, Sm, Tb","1","1","0","0","0","0","0","0","0","1","1","1","1","0","0"
"Chiriguelo","-22.65","-55.95","La, Ce, Pr, Nd, Sm, Tb, Y","1","1","1","0","0","0","0","0","0","1","1","1","1","0","0"
"Chumphon","10.5","99.1667","La, Ce, Pr, Nd, Sm, Tb","1","1","0","0","0","0","0","0","0","1","1","1","1","0","0"
"Churuata","3.45","-65.4667","La, Ce, Pr, Nd, Sm, Tb, Y, Eu, Gd, Dy, Er, Tm, Lu","1","1","1","1","1","1","1","1","1","1","1","1","1","0","0"
"Cida","27","102.08333","Y, Dy","0","0","1","0","0","1","0","0","0","0","0","0","0","0","0"
"Circle","65.5","-144.75",NA,"0","0","0","0","0","0","0","0","0","0","0","0","0","0","0"
"Coldwell complex","48.7833","-86.5","Y, Eu, Gd, Dy, Er, Tm, Lu, Ce, La, Yb","1","0","1","1","1","1","1","1","1","1","0","0","0","1","0"
"Coleroon - Sirkazhi","11.25","79.75","La, Ce, Pr, Nd, Sm, Tb","1","1","0","0","0","0","0","0","0","1","1","1","1","0","0"
"Conda","42.7333","-111.5333","La, Ce, Pr, Nd, Sm, Tb","1","1","0","0","0","0","0","0","0","1","1","1","1","0","0"
"Cone Negosa (Negoza)","-15.5333","31.2667","Y, Eu, Gd, Dy, Er, Tm, Lu, La, Ce, Pr, Nd, Sm, Tb","1","1","1","1","1","1","1","1","1","1","1","1","1","0","0"
"Congolone (Moma-Congolone, Ancoche)","-16.01667","40.08333","La, Ce, Pr, Nd, Sm, Tb","1","1","0","0","0","0","0","0","0","1","1","1","1","0","0"
"Cooglegong","-21.5","119.4","Y, Ho, Gd, Dy","0","0","1","0","1","1","0","0","0","0","0","0","0","0","1"
"Coojarloo","-30.6667","115.333","La, Ce, Pr, Nd, Sm, Tb","1","1","0","0","0","0","0","0","0","1","1","1","1","0","0"
"Coola","-12.51667","15.26667","Ce, La, Nd, Y","1","1","1","0","0","0","0","0","0","1","0","0","0","0","0"
"Cooloola","-26.0833","153.11667","La, Ce, Pr, Nd, Sm, Tb","1","1","0","0","0","0","0","0","0","1","1","1","1","0","0"
"Cordislandia","-21.7833","-45.6833","La, Ce, Pr, Nd, Sm, Tb","1","1","0","0","0","0","0","0","0","1","1","1","1","0","0"
"Coromandel Peninsula","-37","175.8667","La, Ce, Pr, Nd, Sm, Tb","1","1","0","0","0","0","0","0","0","1","1","1","1","0","0"
"Cox's Bazaar","21.4333","92","La, Ce, Pr, Nd, Sm, Tb","1","1","0","0","0","0","0","0","0","1","1","1","1","0","0"
"Crescent Peak","35.416667","-115.133","La, Ce, Pr, Nd, Sm, Tb, Gd","1","1","0","0","1","0","0","0","0","1","1","1","1","0","0"
"Cumberland Island","30.9","-81.45","La, Ce, Pr, Nd, Sm, Tb","1","1","0","0","0","0","0","0","0","1","1","1","1","0","0"
"Cumuruxatiba (Curumuxatiba, Comoxatiba)","-18.3667","-40.7","La, Ce, Pr, Nd, Sm, Tb","1","1","0","0","0","0","0","0","0","1","1","1","1","0","0"
"Currumbin","-28.1333","153.4833","La, Ce, Pr, Nd, Sm, Tb","1","1","0","0","0","0","0","0","0","1","1","1","1","0","0"
"Curtis Island","-23.6333","151.16667","La, Ce, Pr, Nd, Sm, Tb","1","1","0","0","0","0","0","0","0","1","1","1","1","0","0"
"Cuxhaven","53.8667","8.68333","La, Ce, Pr, Nd, Sm, Tb","1","1","0","0","0","0","0","0","0","1","1","1","1","0","0"
"Da Nang","16","108.21667",NA,"0","0","0","0","0","0","0","0","0","0","0","0","0","0","0"
"Dalkainle","10.4","43.2667","La, Ce","1","0","0","0","0","0","0","0","0","1","0","0","0","0","0"
"Dalucao","28.01667","107.3",NA,"0","0","0","0","0","0","0","0","0","0","0","0","0","0","0"
"Dara-Pioz","39.41667","70.7333",NA,"0","0","0","0","0","0","0","0","0","0","0","0","0","0","0"
"Dardanup","-33.4","115.75","La, Ce, Pr, Nd, Sm, Tb","1","1","0","0","0","0","0","0","0","1","1","1","1","0","0"
"Deep Creek","42.05","-119.95",NA,"0","0","0","0","0","0","0","0","0","0","0","0","0","0","0"
"Denegama","6.716667","80.716667","La, Ce, Pr, Nd, Sm, Tb","1","1","0","0","0","0","0","0","0","1","1","1","1","0","0"
"Denison","48.61667","-85.4333",NA,"0","0","0","0","0","0","0","0","0","0","0","0","0","0","0"
"Diamond Creek","45.29112","-113.95174","La, Ce, Pr, Nd, Sm, Tb, Y, Yb","1","1","1","0","0","0","0","0","0","1","1","1","1","1","0"
"Dianbai","21.5","111.01667","La, Ce, Pr, Nd, Sm, Tb","1","1","0","0","0","0","0","0","0","1","1","1","1","0","0"
"Dingnan","24.7833","115.03333",NA,"0","0","0","0","0","0","0","0","0","0","0","0","0","0","0"
"Dnieprodzerzhinsk","48.51667","34.6167",NA,"0","0","0","0","0","0","0","0","0","0","0","0","0","0","0"
"Dong Pao","22.28333","103.56667","Y, Eu, Gd, Dy, Er, Tm, Lu, Ce, La, Nd","1","1","1","1","1","1","1","1","1","1","0","0","0","0","0"
"Dong Xuan","13.38333","109.1","La, Ce, Pr, Nd, Sm, Tb, Y, Yb","1","1","1","0","0","0","0","0","0","1","1","1","1","1","0"
"Dongara","-29.25","114.9333","La, Ce, Pr, Nd, Sm, Tb","1","1","0","0","0","0","0","0","0","1","1","1","1","0","0"
"Dongqing","23.6333","113.5",NA,"0","0","0","0","0","0","0","0","0","0","0","0","0","0","0"
"Dora Bay","55.2333","-132.21667",NA,"0","0","0","0","0","0","0","0","0","0","0","0","0","0","0"
"Dueme","9.3","2.31667","La, Ce, Pr, Nd, Sm, Tb","1","1","0","0","0","0","0","0","0","1","1","1","1","0","0"
"Durness (Tea Garden)","-32.6667","152.15","La, Ce, Pr, Nd, Sm, Tb","1","1","0","0","0","0","0","0","0","1","1","1","1","0","0"
"Eagle Creek","64.7","-162.7667","Ce, La, Nd, Y, Sm, Gd","1","1","1","0","1","0","0","0","0","1","0","1","0","0","0"
"Eden Lake","56.6333","-100.25","Ce, Y","1","0","1","0","0","0","0","0","0","0","0","0","0","0","0"
"Snowbird","65.9333","-166.2","La, Ce, Pr, Nd, Sm, Tb, Y, Yb","0","0","1","0","0","0","0","0","0","1","0","0","0","0","0"
"El Porvenir District","35.74237","-105.42377","Y, La","1","1","0","0","0","0","0","0","0","1","1","1","1","0","0"
"Eldor Carbonatite Complex","56.6","-68.41667","La, Ce, Pr, Nd, Sm, Tb","1","0","0","0","0","0","0","0","0","1","0","0","0","0","0"
"Elet'ozerskii (Elet'ozero)","66.0667","31.95","La, Ce","1","1","0","0","1","0","0","0","0","1","0","1","0","0","0"
"Elisenvaara (Elisenvaarskii; includes Kaivimyaki/Kaivomaki and Raivimyaki/ Raivimaki)","61.41667","29.91667","Ce, La, Nd, Sm, Gd","1","1","1","1","1","1","1","1","1","1","0","1","1","0","1"
"Eljozero (Elet'ozero, Elet'ozerskii)","66.0667","31.95","Y, Dy, Ho, Gd, La, Ce, Nd, Sm Tb, Eu, Er, Tm, Lu","1","1","1","1","1","1","1","1","1","1","0","0","0","0","0"
"Elk Creek","40.26861","-96.1833","Y, Eu, Gd, Dy, Er, Tm, Lu, Ce, La, Nd","1","1","1","0","0","0","0","0","0","1","1","1","1","0","0"
"Elliott Lake (Blind River)- Denison","46.4833","-82.5333","La, Ce, Pr, Nd, Sm, Tb, Y","1","1","1","0","1","0","0","0","0","1","1","0","0","0","0"
"Jabal Archenu","22.26667","24.71667","Ce, La, Y, Nd, Pr, Gd","1","0","0","0","0","0","0","0","0","1","0","0","0","0","0"
"Jabal Awja","25.833","41.01667","La, Ce","1","1","0","0","0","0","0","0","0","1","1","1","1","0","0"
"Jabal Ebed","25.95","40.88333","La, Ce, Pr, Nd, Sm, Tb","1","1","1","1","1","1","1","1","1","1","1","1","1","0","0"
"Jabal Hamra'","26.0667","38.6","La, Ce, Pr, Nd, Sm, Tb, Y, Eu, Gd, Dy, Er, Tm, Lu","1","0","0","0","0","0","0","0","0","1","0","0","0","0","0"
"Jabal Kuara","25.7833","40.91667","La, Ce","1","1","0","0","0","0","0","0","0","1","0","0","0","0","0"
"Jabal Sa'id (Jabal Sayid)","23.81667","40.9333","Ce, La, Nd","1","1","0","0","0","0","0","0","0","1","1","1","1","0","0"
"Jabal Tawlah","28.2333","35.38333","Nd, La, Ce, Pr, Sm, Tb","1","1","0","0","1","0","0","0","0","1","0","1","0","0","0"
"Jacupiranga","-24.7","-48.1333","Ce, La, Nd, Sm, Gd","1","1","1","0","0","0","0","0","0","1","1","1","1","1","0"
"Jangardup","-34.3667","115.61667","La, Ce, Pr, Nd, Sm, Tb, Y, Yb","1","1","0","0","0","0","0","0","0","1","1","1","1","0","0"
"Janghowon","37.1667","127.5","La, Ce, Pr, Nd, Sm, Tb","1","1","1","0","0","1","0","0","0","1","1","1","1","0","0"
"Jarud Qi, no. 801","44.61667","120.9667","Y, Dy, Ce, La, Nd, Pr, Sm, Tb","0","0","0","0","0","0","0","0","0","0","0","0","0","0","0"
"Jianghua area","25.0333","111.75",NA,"1","1","1","0","0","0","0","0","0","1","1","1","1","1","0"
"Jos Plateau","9.5","8","Y, Tb, Yb, La, Ce, Pr, Nd, Sm","1","1","1","0","1","0","0","0","0","1","1","0","0","0","0"
"Junguni","-15.0333","35.28333","Ce, La, Y, Nd, Pr, Gd","1","1","0","0","0","0","0","0","0","1","1","1","1","0","0"
"Jurien Bay","-30.31667","115.1667","La, Ce, Pr, Nd, Sm, Tb","1","1","0","0","0","0","0","0","0","1","1","1","1","0","0"
"Kabengelwa","-0.667","28.25","La, Ce, Pr, Nd, Sm, Tb","1","1","0","0","0","0","0","0","0","1","1","1","1","0","0"
"Kaikawela","6.3667","80","La, Ce, Pr, Nd, Sm, Tb","1","1","1","0","1","0","0","0","0","1","1","1","1","0","0"
"Kalkfeld (Etaneno)","-20.8","16.11667","La, Ce, Pr, Nd, Sm, Tb, Y, Gd","1","1","0","0","0","0","0","0","0","1","1","1","1","0","0"
"Kalutara","6.58333","79.98333","La, Ce, Pr, Nd, Sm, Tb","1","1","0","0","0","0","0","0","0","1","1","1","1","0","0"
"Kaluwe","-15.18333","30.01667","La, Ce, Pr, Nd, Sm, Tb","1","1","1","0","1","0","0","0","0","1","1","0","0","0","0"
"Kamloops","50.6667","-120.0667","Ce, La, Y, Nd, Pr, Gd","1","1","0","0","0","0","0","0","0","1","1","1","1","0","0"
"Kanbauk","14.6","98.05","La, Ce, Pr, Nd, Sm, Tb","1","1","1","1","1","1","1","1","1","1","1","1","1","0","0"
"Kangankunde","-15.1333","34.91667","La, Ce, Pr, Nd, Sm, Tb, Y, Eu, Gd, Dy, Er, Tm, Lu","1","1","0","0","1","0","0","0","0","1","0","1","0","0","0"
"Kapfrugwa (Gungwa)","-16.4667","32.15","Ce, La, Nd, Sm, Gd","1","1","1","0","0","0","0","0","0","1","1","1","1","0","0"
"Kapiri","-15.2833","34.91667","Ce, Nd, Y, La, Pr, Sm, Tb","1","1","0","0","0","0","0","0","0","1","1","1","1","0","0"
"Karaganskii","39.75","70","La, Ce, Pr, Nd, Sm, Tb","1","1","0","0","0","0","0","0","0","1","1","1","1","0","0"
"Karamea North","-41.25","172.11667","La, Ce, Pr, Nd, Sm, Tb","1","1","0","0","0","0","0","0","0","1","1","1","1","0","0"
"Karamea South","-41.25","172.11667","La, Ce, Pr, Nd, Sm, Tb","1","1","1","1","1","1","1","1","1","1","1","1","1","0","0"
"Karonge (Gakara)","-3.5","29.45","Y, Eu, Gd, Dy, Er, Tm, Lu, La, Ce, Pr, Nd, Sm, Tb","1","0","0","0","0","0","0","0","0","1","0","0","0","0","0"
"Karsakpai","47.88333","66.41667","La, Ce","0","0","1","1","1","1","1","1","1","0","0","0","0","0","0"
"Kasagwe","-3.41667","29.41667","Y, Eu, Gd, Dy, Er, Tm, Lu","1","1","0","0","0","0","0","0","0","1","1","1","1","0","0"
"Kavaronge","-4.0333","21.75","La, Ce, Pr, Nd, Sm, Tb","1","1","1","0","0","0","0","0","0","1","1","1","1","1","0"
"Ke Sung","16.5","107.5833","La, Ce, Pr, Nd, Sm, Tb, Y, Yb","0","0","0","0","0","0","0","0","0","0","0","0","0","0","0"
"Kelani River","7","79.8333",NA,"1","1","0","0","0","0","0","0","0","1","1","1","1","0","0"
"Kembajan","0.55","110.41667","La, Ce, Pr, Nd, Sm, Tb","1","1","0","0","0","0","0","0","0","1","1","1","1","0","0"
"Kembajan Mountains","0.55","110.41667","La, Ce, Pr, Nd, Sm, Tb","1","1","0","0","0","0","0","0","0","1","1","1","1","0","0"
"Kerr-McGee","36.11667","-88.18333","La, Ce, Pr, Nd, Sm, Tb","1","1","1","0","0","0","0","0","0","1","1","1","1","1","0"
"Keshya","-15.8833","28.45","La, Ce, Pr, Nd, Sm, Tb, Y, Yb","1","1","1","1","1","1","1","1","1","1","1","1","1","0","0"
"Khaldzan-Buregtey","48.416667","91.9667","Y, Dy, La, Ce, Eu, Gd, Er, Tm, Lu, Nd, Pr, Sm, Tb","1","1","1","1","1","1","1","1","1","1","0","0","0","0","0"
"Khamna (Khamninskii)","59.71667","136.41667","Y, Eu, Gd, Dy, Er, Tm, Lu, Ce, La, Nd","1","1","1","0","0","0","0","0","0","1","1","1","1","0","0"
"Khan Bogdo","43.2","107.2","Ce, Nd, Y, La, Pr, Sm, Tb","1","0","1","1","1","1","1","1","1","0","0","0","0","0","0"
"Khanneshin","30.4667","63.5833","Ce, Y, Eu, Gd, Dy, Er, Tm, Lu","1","1","1","0","1","1","0","0","0","1","1","1","0","1","0"
"Khibina (Khibiny)","67.71667","33.7833","Ce, La, Nd, Sm, Gd, Y, Pr, Yb, Dy","1","1","0","0","0","0","0","0","0","1","1","1","1","0","0"
"King Sound","-16.8333","123.075","La, Ce, Pr, Nd, Sm, Tb","1","1","0","0","0","0","0","0","0","1","1","1","1","0","0"
"Kingscliff (Cudgen)","-28.2667","153.5667","La, Ce, Pr, Nd, Sm, Tb","1","1","1","0","0","0","0","0","0","1","1","1","1","1","0"
"Kinta Kellas Batu Gajah Mine","4.4667","101.0333","La, Ce, Pr, Nd, Sm, Tb, Y, Yb","1","1","1","0","0","0","0","0","0","1","1","1","1","1","0"
"Kinta Valley (Lahat)","4.5","101.1667","La, Ce, Pr, Nd, Sm, Tb, Y, Yb","1","1","1","0","1","0","0","0","0","1","1","1","0","0","0"
"Kipawa Lake","46.8","-78.5","Ce, La, Y, Nd, Pr, Gd, Sm","1","1","0","0","0","0","0","0","0","1","1","1","1","0","0"
"Kirra","-29","153.5333","La, Ce, Pr, Nd, Sm, Tb","1","0","1","1","1","0","1","0","0","1","0","0","0","1","0"
"Kirumba","-1.0833","29.3","Ce, La, Y, Yb, Gd, Eu, Er","0","0","1","1","1","1","1","1","1","0","0","0","0","0","0"
"Kizilcaoren","39.6333","31.3833","Y, Eu, Gd, Dy, Er, Tm, Lu","1","1","0","0","0","0","0","0","0","1","1","1","1","0","0"
"Kluan Tong Mine","7.91667","98.333","La, Ce, Pr, Nd, Sm, Tb","1","1","0","0","1","0","0","0","0","1","0","1","0","0","0"
"Kodal","59.25","10.16667","Ce, La, Nd, Sm, Gd","1","1","0","0","0","0","0","0","0","1","1","1","1","0","0"
"Kokkilai","8.9833","80.95","La, Ce, Pr, Nd, Sm, Tb","1","1","1","0","1","0","0","0","0","1","1","0","0","0","0"
"Konder","57.5","134.41667","Ce, La, Y, Nd, Pr, Gd","0","0","1","0","0","0","0","0","0","0","0","0","1","1","0"
"Koombana Bay","-33.31667","115.65","Y, Tb, Yb","1","1","0","0","0","0","0","0","0","1","1","1","1","0","0"
"Koraput","18.81667","82.71667","La, Ce, Pr, Nd, Sm, Tb","1","1","1","0","1","1","0","0","0","1","1","1","0","1","0"
"Korgeredaba","50.08333","97.25","Ce, La, Y, Nd, Pr, Gd, Yb, Sm, Dy","1","1","0","0","0","0","0","0","0","1","1","1","1","0","0"
"Korsnas Mine","62.78333","21.18333","La, Ce, Pr, Nd, Sm, Tb","1","0","0","0","0","0","0","0","0","1","0","0","0","0","0"
"Korsun-Novomirgorodskii pluton margin","48.2333","31.2833","La, Ce","0","0","0","0","0","0","0","0","0","0","0","0","0","0","0"
"Kovdor Complex (Kovdorskoe)","67.5667","30.4",NA,"1","1","0","0","0","0","0","0","0","1","1","1","1","0","0"
"Kpong area","6.1","0.05","La, Ce, Pr, Nd, Sm, Tb","0","0","0","0","0","0","0","0","0","0","0","0","0","0","0"
"Kribi (Mont des Elehants, Mont de Rocher du Loup)","2.95","9.91667",NA,"1","1","1","0","0","0","0","0","0","1","1","1","1","1","0"
"Kuala Lumpur area","3","101.75","La, Ce, Pr, Nd, Sm, Tb, Y, Yb","1","1","0","0","0","0","0","0","0","1","1","1","1","0","0"
"Kudiraimozhi (Kudraimouzi)","11.1333","78.65","La, Ce, Pr, Nd, Sm, Tb","0","0","0","0","0","0","0","0","0","0","0","0","0","0","0"
"Kudremala Point (Kudremalai)","8.9667","79.9",NA,"0","0","0","0","0","0","0","0","0","0","0","0","0","0","0"
"Kugda","70.71667","103.4667",NA,"0","0","0","0","0","0","0","0","0","0","0","0","0","0","0"
"Kulwin (Koolwin)","-35.08333","142.75",NA,"1","1","0","0","0","0","0","0","0","1","1","1","1","0","0"
"Kunyang","24.6667","102.58333","Ce, La, Pr, Nd, Sm, Tb","1","1","0","0","0","0","0","0","0","1","1","1","1","0","0"
"Kusipo","35.333","126.5","La, Ce, Pr, Nd, Sm, Tb","1","1","1","0","0","0","0","0","0","1","1","1","1","1","0"
"Kutessai-II","42.6667","76.16667","La, Ce, Pr, Nd, Sm, Tb, Y, Yb","1","1","1","0","0","0","0","0","0","0","0","0","0","0","0"
"Kutessiask","41.2","74.75","Y, Ce, Nd","1","1","0","0","0","0","0","0","0","1","1","1","1","0","0"
"Kutubdai Island","21.8333","91.8667","La, Ce, Pr, Nd, Sm, Tb","1","1","0","0","0","0","0","0","0","1","1","1","1","0","0"
"Kutubjum","21.51667","91.9333","La, Ce, Pr, Nd, Sm, Tb","1","1","0","0","0","0","0","0","0","1","1","1","1","0","0"
"Kuwn-Thong","7.9333","98.3333","La, Ce, Pr, Nd, Sm, Tb","1","1","0","0","0","0","0","0","0","1","1","1","1","0","0"
"Kwangsangun","35.16667","126.8333","La, Ce, Pr, Nd, Sm, Tb","1","1","1","0","0","0","0","0","0","1","1","1","1","1","0"
"Ky Khang","18.2","106.08333","La, Ce, Pr, Nd, Sm, Tb, Y, Yb","1","1","1","0","0","0","0","0","0","1","1","1","1","1","0"
"Ky Ninh","18","106.16667","La, Ce, Pr, Nd, Sm, Tb, Y, Yb","1","1","0","0","0","0","0","0","0","1","1","1","1","0","0"
"Kyan Chaung","13.5","98.333","La, Ce, Pr, Nd, Sm, Tb","0","0","0","0","0","0","0","0","0","0","0","0","0","0","0"
"Kyzyl-Ompul","42.35","75.91667",NA,"0","1","0","0","0","0","0","0","0","0","0","0","0","0","0"
"Lackner Lake (Nemegos)","47.75","-83.1667","Nd","1","1","1","0","0","0","0","0","0","1","1","1","1","1","0"
"Lahat Mine","4.533","101.0667","La, Ce, Pr, Nd, Sm, Tb, Y, Yb","0","0","0","0","0","0","0","0","0","0","0","0","0","0","0"
"Lake Innes","-31.5","152.8833",NA,"1","1","0","0","0","0","0","0","0","1","1","1","1","0","0"
"Lamawpyin-Shwedu Chaung","12.45","98.6","La, Ce, Pr, Nd, Sm, Tb","1","1","1","0","1","0","0","0","0","1","1","1","0","0","0"
"Langesundsfjord District (Larvik)","59","9.75","Ce, La, Nd, Sm, Gd, Y, Pr","0","0","0","0","0","0","0","0","0","0","0","0","0","0","0"
"Lanshan area","25.3","112.1",NA,"1","0","0","0","0","0","0","0","0","1","0","0","0","0","0"
"Laramie Anorthosite Complex","41.6667","-105.41667","La, Ce","1","0","1","0","0","0","0","0","0","0","0","0","0","0","0"
"Laughlin Peak","36.58156","-104.22953","Y, Ce","1","1","1","1","1","1","1","1","1","1","1","1","1","0","1"
"Lavrent'evskii","67.2667","37.01667","Y, Nd, Dy, Ce, Ho, Gd, La, Pr, Sm, Tb, Eu, Er, Tm, Lu","1","1","0","0","0","0","0","0","0","1","1","1","1","0","0"
"Layan","8.0333","98.2833","La, Ce, Pr, Nd, Sm, Tb","1","1","1","0","1","0","0","0","0","1","1","1","0","0","0"
"Lemhi Pass","44.93728","-113.46451","Nd, Sm, Ce, Gd, La, Y, Pr","1","0","1","0","0","0","0","0","0","1","0","0","0","0","0"
"Lemitar and Chupadera Mountains","33.85285","-106.95781","Ce, La, Y","0","0","0","0","0","0","0","0","0","0","0","0","0","0","0"
"Lesnaya Varaka","67.3833","33.06667",NA,"1","1","1","0","1","0","0","0","0","1","1","0","0","0","0"
"Letitia Lake - Mann 1","54.2333","-62.3833","Ce, La, Y, Nd, Pr, Gd","0","0","0","0","0","0","0","0","0","0","0","0","0","0","0"
"Linwu","25.28333","112.55",NA,"0","0","0","0","0","0","0","0","0","0","0","0","0","0","0"
"Little Friar Mountain","37.7667","-79.1",NA,"1","0","1","0","0","1","0","0","0","1","0","0","0","0","0"
"Little Friar Mountain (Massie)","37.76667","-79.1","La, Ce, Y, Dy","1","0","1","0","1","1","0","0","0","1","0","0","0","0","1"
"Llano County (Williams Mine, others)","30.669167","-98.472778","La, Ce, Ho, Y, Gd, Dy","1","1","1","1","1","1","1","1","1","1","1","1","1","1","0"
"Lofdal-Bergville","-20.35","14.75","Y, Tb, Yb, Eu, Gd, Dy Er, Tm, Lu, La, Ce, Pr, Nd, Sm","0","1","0","0","0","0","0","0","0","0","0","0","0","0","0"
"Lolekek","1.75","34.45","Nd","1","1","0","0","0","0","0","0","0","1","1","1","1","0","0"
"Long Hai","10.41667","107.16667","La, Ce, Pr, Nd, Sm, Tb","1","1","0","0","0","0","0","0","0","1","1","1","1","0","0"
"Long Valley","44.6","-116.05","La, Ce, Pr, Nd, Sm, Tb","0","0","0","0","0","0","0","0","0","0","0","0","0","0","0"
"Longchuan Heping","24.3","115.05",NA,"0","0","0","0","0","0","0","0","0","0","0","0","0","0","0"
"Longnan (Zudong?)","24.9","114.8",NA,"1","1","1","0","0","0","0","0","0","1","0","0","0","0","0"
"Longonjo (Mt. Chibilundo)","-12.85","15.25","Ce, La, Nd, Y","1","1","1","0","1","1","0","0","0","1","1","1","0","1","0"
"Los Archipelago (Los Islands, Iles de Los)","9.46667","-13.8","Ce, La, Y, Nd, Pr, Gd, Yb, Sm, Dy","1","1","1","1","1","1","1","1","1","1","1","1","1","0","0"
"Lovozero","67.78333","34.75","Ce, La, Y, Nd, Pr, Gd, Sm, Tb, Eu, Dy, Er, Tm, Lu","1","1","0","0","0","0","0","0","0","1","1","1","1","0","0"
"Ludlow","-33.5667","115.5","La, Ce, Pr, Nd, Sm, Tb","1","1","1","1","1","1","1","1","1","1","0","0","0","0","0"
"Lugin Gol","42.95","108.5667","Y, Eu, Gd, Dy, Er, Tm, Lu, Ce, Nd, La","1","1","0","0","0","0","0","0","0","1","1","1","1","0","0"
"Luicuisse (Lucuisse)","-12.38333","36.1833","La, Ce, Pr, Nd, Sm, Tb","0","0","0","0","0","0","0","0","0","0","0","0","0","0","0"
"Lupongola (Lupulonga, Chitado)","-17.1833","13.7",NA,"1","1","1","1","1","0","1","0","0","1","1","0","0","1","0"
"Lutala (Serra da Neve)","-13.71667","13.1667","Ce, La, Y, Nd, Pr, Gd, Yb, Eu, Er","0","0","0","0","0","0","0","0","0","0","0","0","0","0","0"
"Mabounie","-0.7","11.7","La, Ce, Pr, Nd, Sm, Tb, Y, Yb","0","0","0","0","0","0","0","0","0","0","0","0","0","0","0"
"MacDonald Pegmatite","45.1667","-77.85","La, Ce","1","1","1","0","0","0","0","0","0","1","1","1","1","1","0"
"Macotaia","-15.41667","38.41667",NA,"1","0","0","0","0","0","0","0","0","1","0","0","0","0","0"
"Madianhe","21.55","111.2667",NA,"0","0","0","0","0","0","0","0","0","0","0","0","0","0","0"
"Mageng (Magang)","30.61667","114.2667",NA,"0","0","0","0","0","0","0","0","0","0","0","0","0","0","0"
"Magnet Cove","34.45","-92.8667","Ce, La, Y, Nd, Pr, Gd, Sm, Tb","0","0","0","0","0","0","0","0","0","0","0","0","0","0","0"
"Maicuru","-0.46667","-54.21667","Ce, La, Nd, Sm, Gd, Pr, Tb","1","1","1","0","1","0","0","0","0","1","1","1","1","0","0"
"Main Khao","8.1333","98.31667","La, Ce, Pr, Nd, Sm, Tb","1","1","0","0","1","0","0","0","0","1","1","1","1","0","0"
"Makonde","-10.05","34.31",NA,"1","1","0","0","0","0","0","0","0","1","1","1","1","0","0"
"Malotersyanskii","48.333","35.65","Nd, Y, Eu, Gd, Dy, Er, Tm, Lu, La, Ce","0","0","0","0","0","0","0","0","0","0","0","0","0","0","0"
"Manavalakuruchi","8.2","77.3333","La, Ce, Pr, Nd, Sm, Tb","1","1","1","1","1","1","1","1","1","1","0","0","0","0","0"
"Maoniuping","28","102","Y, Eu, Gd, Dy, Er, Tm, Lu, La, Ce, Pr, Nd, Sm, Tb, Yb","1","1","0","0","0","0","0","0","0","1","1","1","1","0","0"
"Maraconai","-0.5333","-53.4","La, Ce, Pr, Nd, Sm, Tb","1","1","1","1","1","1","1","1","1","1","1","1","1","1","0"
"Marhuanta","7.0833","-63.51667",NA,"1","1","0","0","0","0","0","0","0","1","1","1","1","0","0"
"Marinkas Quellen (Marinkas Kwela)","-28.1667","17.41667","Ce, Nd, Y, La, Pr, Sm, Tb","0","0","0","0","0","0","0","0","0","0","0","0","0","0","0"
"Marion","35.6833","-82.01667","La, Ce, Pr, Nd, Sm, Tb, Y, Yb","1","1","1","0","0","0","0","0","0","1","1","1","1","0","0"
"Martison Lake","50.31667","-83.4","Ce, La, Nd, Sm, Gd","1","1","1","0","0","0","0","0","0","1","1","1","1","1","0"
"Mary Kathleen","-20.7333","140.01667","La, Ce","1","1","0","0","1","0","0","0","0","1","0","1","0","0","0"
"Mashabuto","-0.6667","28.25","La, Ce, Pr, Nd, Sm, Tb","1","0","0","0","0","0","0","0","0","1","0","0","0","0","0"
"Massidon (Murray Basin)","-33.0833","141.25",NA,"1","1","0","0","0","0","0","0","0","1","1","1","1","0","0"
"Matara","5.95","80.5333","La, Ce, Pr, Nd, Sm, Tb","0","0","0","0","0","0","0","0","0","0","0","0","0","0","0"
"Mataraca","-6.5","-35","La, Ce, Pr, Nd, Sm, Tb","1","1","0","0","0","0","0","0","0","1","1","1","1","0","0"
"Matarbari Island","21.7","91.8833","La, Ce, Pr, Nd, Sm, Tb","1","1","0","0","0","0","0","0","0","1","1","1","1","0","0"
"Matchinskii","39.533","70.7833",NA,"1","1","0","0","0","0","0","0","0","1","1","1","1","0","0"
"Mato Preto","-24.75","-49.2",NA,"0","0","0","0","0","0","0","0","0","0","0","0","0","0","0"
"Matum (Marum, Mutum)","-1.8833","-57.41667",NA,"0","0","0","0","0","0","0","0","0","0","0","0","0","0","0"
"Maxville","29.91667","-81.75","La, Ce, Pr, Nd, Sm, Tb","0","0","0","0","0","0","0","0","0","0","0","0","0","0","0"
"Maybe Canyon (Maybie)","42.75","-111.3","La, Ce, Pr, Nd, Sm, Tb","1","1","0","0","0","0","0","0","0","1","1","1","1","0","0"
"Mazurivske","49.25","29.05",NA,"1","1","0","0","0","0","0","0","0","1","1","1","1","0","0"
"Mbeya (Panda Hill)","-9","33.2333","Y, Eu, Gd, Dy, Er, Tm, Lu, La, Ce, Pr, Nd, Sm, Tb","0","0","0","0","0","0","0","0","0","0","0","0","0","0","0"
"Port Pirie (Radium Hill)","57.75","-106","Y, Tb, Yb","1","1","1","1","1","1","1","1","1","1","1","1","1","0","0"
"McGrath","62.75","-155","La, Ce, Pr, Nd, Sm, Tb","1","1","0","0","0","0","0","0","0","1","1","1","1","0","0"
"McKeel Lake","45.484167","-66.18194",NA,"0","0","0","0","0","0","0","0","0","0","0","0","0","0","0"
"McLean Lake","56.3667","-109.2167","Y, Tb, Yb","0","0","1","0","0","0","0","0","0","0","0","0","1","1","0"
"Megiscane Lake","48.5667","-75.6",NA,"0","0","0","0","0","0","0","0","0","0","0","0","0","0","0"
"Mengwang","22.3667","100.4667",NA,"0","0","0","0","0","0","0","0","0","0","0","0","0","0","0"
"Meponda","-13.45","34.9","La, Ce, Pr, Nd, Sm, Tb, Y, Dy","1","1","1","0","0","1","0","0","0","1","1","1","1","0","0"
"M'Fouati","-4.4","13.81667",NA,"1","1","1","0","0","0","0","0","0","1","1","1","1","1","0"
"Mi Tho","13.75","109.25","La, Ce, Pr, Nd, Sm, Tb, Y, Yb","1","1","1","1","1","1","1","1","1","1","1","1","1","1","0"
"Mianning","28.55","102.18333","Y, Eu, Gd, Dy, Er, Tm, Lu, La, Ce, Nd, Pr, Sm, Tb, Yb","1","1","1","1","1","1","1","1","1","1","1","1","1","0","0"
"Miaoya","32.25","110.2","La, Ce, Pr, Nd, Sm, Tb, Y, Eu, Gd, Dy, Er, Tm, Lu","1","1","1","0","0","0","0","0","0","0","0","0","0","0","0"
"Miask","60","60","Ce, Y, Nd","1","1","0","0","0","0","0","0","0","1","1","1","1","0","0"
"Mineral Hill District","45.46667","-114.28333","La, Ce, Pr, Nd, Sm, Tb","0","0","1","0","0","1","0","0","0","0","0","0","0","0","0"
"Mineral X","35.11667","-114.0667","Y, Dy","1","1","1","0","1","0","0","0","0","1","0","1","1","1","0"
"Mineville Iron District","44.06403","-73.49239","Y, Tb, Yb, Ce, La, Nd, Sm, Gd","1","1","1","0","0","0","0","0","0","1","1","1","1","1","0"
"Minninup","-33.4667","115.5667","La, Ce, Pr, Nd, Sm, Tb, Y, Yb","1","1","0","0","0","0","0","0","0","1","1","1","1","0","0"
"Mit-Thawi","8.71667","98.41667","La, Ce, Pr, Nd, Sm, Tb","1","1","0","0","0","0","0","0","0","1","1","1","1","0","0"
"Moebase (Moebane)","-17.01667","38.48333","La, Ce, Pr, Nd, Sm, Tb","1","1","0","0","0","0","0","0","0","1","1","1","1","0","0"
"Mogok","22.90833","96.5","La, Ce, Pr, Nd, Sm, Tb","1","1","0","0","0","0","0","0","0","1","1","1","1","0","0"
"Moguiquel","-15.38333","40.26667","La, Ce, Pr, Nd, Sm, Tb","1","1","0","0","0","0","0","0","0","1","1","1","1","0","0"
"Mogwembo","7.76667","-12.3","La, Ce, Pr, Nd, Sm, Tb","1","1","0","0","0","0","0","0","0","1","1","1","1","0","0"
"Mokonui","-45.28","167.75","La, Ce, Pr, Nd, Sm, Tb","1","1","1","0","0","0","0","0","0","1","1","1","1","1","0"
"Momi River","-4.3","138","Y, Tb, Yb, La, Ce, Pr, Nd, Sm","1","1","0","0","0","0","0","0","0","1","1","1","1","0","0"
"Mong Kung","21.61667","97.525","La, Ce, Pr, Nd, Sm, Tb","0","0","0","0","0","0","0","0","0","0","0","0","0","0","0"
"Monte Verde","-12.183","15.033",NA,"1","1","0","0","0","0","0","0","0","1","0","0","0","0","0"
"Monumental Summit","44.9","-115.2667","La, Ce, Nd","1","1","0","0","0","0","0","0","0","1","1","1","1","0","0"
"Moreton Island","-27.18333","153.4","La, Ce, Pr, Nd, Sm, Tb","1","1","0","0","0","0","0","0","0","1","0","1","0","0","0"
"Morro Dos Seis Lagos (Sao Gabriel da Cachoeira)","0.6333","-66.4","Ce, La, Nd, Sm","0","0","0","0","0","0","0","0","0","0","0","0","0","0","0"
"Moshikeng","29.91667","121.25",NA,"1","0","1","1","1","1","1","1","1","1","0","0","0","0","0"
"Mount Prindle (Roy Creek)","65.4833","-147.1","La, Ce, Y, Eu, Gd, Dy, Er, Tm, Lu","1","1","1","0","1","0","0","0","0","1","1","0","0","0","0"
"Mount St. Hilaire","45.55","-73.16667","Ce, La, Y, Nd, Pr, Gd","1","1","1","0","0","0","0","0","0","1","1","1","1","1","0"
"Mount Weld","-28.8667","122.52","La, Ce, Pr, Nd, Sm, Tb, Y, Yb, Tb","1","1","0","0","0","0","0","0","0","1","1","1","1","0","0"
"Mountain Fuel","42.65","-111.28333","La, Ce, Pr, Nd, Sm, Tb","1","1","1","1","1","1","1","1","1","1","1","1","1","0","0"
"Mountain Pass","35.47812","-115.53068","Y, Eu, Gd, Dy, Er, Tm, Lu, Ce, La, Nd Pr, Sm, Tb","1","1","1","0","1","0","0","0","0","1","1","1","1","0","0"
"Mrima Hill","-4.41667","39.25","La, Ce, Pr, Nd, Sm, Tb, Y, Gd","1","1","0","0","0","0","0","0","0","1","1","1","1","0","0"
"M'Tomoti","-15.5","38.31667",NA,"1","1","0","0","0","0","0","0","0","1","1","1","1","0","0"
"Mullaittivu","9.25","80.8","La, Ce, Pr, Nd, Sm, Tb","1","0","0","0","0","0","0","0","0","1","0","0","0","0","0"
"Munmorah","-33.2","151.58333","La, Ce, Pr, Nd, Sm, Tb","1","1","1","1","1","1","1","1","1","1","0","1","0","0","0"
"Muong Hum","22.5333","103.7","La, Ce","1","1","1","0","0","1","0","0","0","1","0","0","0","1","0"
"Mushgai Khudag (Mushgia Khudag, Mushugai Khuduk, Mushugai-Hudag)","44.333","104","Ce, La, Nd, Sm, Gd, Y, Eu, Dy, Er, Tm, Lu","0","0","0","0","0","0","0","0","0","0","0","0","0","0","0"
"Music Valley","33.98423","-115.93254","Y, Ce, Yb, Nd, Dy, La","1","1","0","0","0","0","0","0","0","1","1","1","1","0","0"
"Mutum","1.88333","-57.41667",NA,"1","1","0","0","0","0","0","0","0","1","1","1","1","0","0"
"Nabiac","-32","152.5","La, Ce, Pr, Nd, Sm, Tb","1","1","1","1","1","1","1","1","1","1","0","0","0","0","0"
"Naboomspruit","-24.51667","28.71667","La, Ce, Pr, Nd, Sm, Tb","1","1","1","1","1","1","1","1","1","1","0","0","0","0","0"
"Nam Xe North (Mau Xe North)","22.4833","103.5","Y, Eu, Gd, Dy, Er, Tm, Lu, Ce, La, Nd","1","1","0","0","0","0","0","0","0","1","1","1","1","0","0"
"Nam Xe South (Mau Xe North)","22.4833","103.5","Y, Eu, Gd, Dy, Er, Tm, Lu, Ce, La, Nd","0","0","0","0","0","0","0","0","0","0","0","0","0","0","0"
"Namdaecheon River (Muju area)","35","126.6667","La, Ce, Pr, Nd, Sm, Tb","1","1","1","0","0","0","0","0","0","1","1","1","1","1","0"
"Namo-Vara","66.7667","30.1667",NA,"0","0","0","0","0","0","0","0","0","0","0","0","0","0","0"
"Nanshanhai","21.5333","111.61667","La, Ce, Pr, Nd, Sm, Tb, Y, Yb","1","1","1","0","0","0","0","0","0","1","1","1","1","1","0"
"Nanshanxia","27.31667","117.6833",NA,"1","1","0","0","0","0","0","0","0","1","1","1","1","0","0"
"Nanyang (Nangang)","33","112.5","La, Ce, Pr, Nd, Sm, Tb, Y, Yb","1","1","0","0","0","0","0","0","0","1","1","1","1","0","0"
"Naracoopa","-39.91667","144.1","La, Ce, Pr, Nd, Sm, Tb","1","0","0","0","0","0","0","0","0","0","0","0","0","0","0"
"Narngula (Geraldton)","-28.81667","114.6833","La, Ce, Pr, Nd, Sm, Tb","1","1","0","0","0","0","0","0","0","1","1","1","1","0","0"
"Narssarssuaq (Narssarssuk)","61.1833","-45.41667","Ce","1","1","0","0","0","0","0","0","0","1","1","1","1","0","0"
"Natchez Trace deposit","35.833","-88.2","La, Ce, Pr, Nd, Sm, Tb","1","0","1","1","1","0","1","0","0","1","0","0","0","1","0"
"Nayaru","9.1333","80.88333","La, Ce, Pr, Nd, Sm, Tb","0","1","0","0","0","0","0","0","0","0","0","0","0","0","0"
"Nejoio","-13.6667","13.23333","Y, Ce, Yb, Gd, La, Eu, Er","1","1","0","0","0","0","0","0","0","1","1","1","1","0","0"
"Nemegosenda Lake","48","-83.08333","Nd","1","1","0","0","0","0","0","0","0","1","1","1","1","0","0"
"Newcastle","-32.91667","151.75","La, Ce, Pr, Nd, Sm, Tb","1","1","0","0","0","0","0","0","0","1","1","1","1","0","0"
"Newrybar","-28.76667","153.56667","La, Ce, Pr, Nd, Sm, Tb","0","0","0","0","0","0","0","0","0","0","0","0","0","0","0"
"Ngualla","-7.7","32.833","Ce, La, Nd, Pr, Sm, Tb","1","1","0","0","0","0","0","0","0","1","1","1","1","0","0"
"Nha Trang","12.25","109.1833",NA,"1","1","0","0","0","0","0","0","0","1","1","1","1","0","0"
"Nijhum Dwip","22.05","91","La, Ce, Pr, Nd, Sm, Tb","1","1","0","0","1","0","0","0","0","1","0","1","0","0","0"
"Nile Delta / Rosetta","31","31","La, Ce, Pr, Nd, Sm, Tb","1","1","0","0","1","0","0","0","0","1","0","1","0","0","0"
"Nipissis","51","-65.25","Ce, La, Nd, Sm, Gd","1","1","1","1","1","1","1","1","1","1","1","1","1","0","0"
"Nisikkatch-Hoidas Lakes","59.8333","-109.1667","La, Ce, Nd, Sm, Gd","1","1","1","1","1","1","1","1","1","1","1","1","1","0","0"
"Nizhnesayanskii","53.51667","100.51667","Y, Eu, Gd, Dy, Er, Tm, Lu, La, Ce, Pr, Nd, Sm, Tb","0","0","0","0","0","0","0","0","0","0","0","0","0","0","0"
"Nkombwa Hill (Nkumbwa, Nkumba)","-10.15","32.85","La, Ce, Pr, Nd, Sm, Tb, Y, Eu, Gd, Dy, Er, Tm, Lu","1","1","0","0","1","0","0","0","0","1","0","1","0","0","0"
"No. 101","36.6667","117.0167",NA,"1","1","0","0","0","0","0","0","0","1","1","1","1","0","0"
"Nolan's Bore","-22.5833","133.2333","Ce, La, Nd, Sm, Gd","1","1","1","0","1","0","0","0","0","1","1","0","0","0","0"
"Nooitgedacht (Gelukshoek, Nooitgedagt)","-25.05","27.5","La, Ce, Pr, Nd, Sm, Tb","1","1","0","0","0","0","0","0","0","1","1","1","1","0","0"
"Norra Karr","58","15","Ce, La, Y, Nd, Pr, Gd","1","1","1","0","0","0","0","0","0","1","1","1","1","0","0"
"North Camden (Kerr-McGee deposit)","36.11667","-88.18333","La, Ce, Pr, Nd, Sm, Tb","1","1","0","0","0","0","0","0","0","1","1","1","1","0","0"
"North Fork area","45.4","-114","La, Ce, Pr, Nd, Sm, Tb, Y","1","1","0","0","0","0","0","0","0","1","1","1","1","0","0"
"North Henry","42.9","-111.5","La, Ce, Pr, Nd, Sm, Tb","1","1","0","0","0","0","0","0","0","1","1","1","1","0","0"
"North Stradbroke","-27.5833","153.45","La, Ce, Pr, Nd, Sm, Tb","1","1","0","0","0","0","0","0","0","1","1","1","1","0","0"
"North Stradbroke - Yarraman","-27.5833","153.45","La, Ce, Pr, Nd, Sm, Tb","0","0","0","0","0","0","0","0","0","0","0","0","0","0","0"
"North Stradbroke Island - Dunwich","-27.5","153.4","La, Ce, Pr, Nd, Sm, Tb","1","1","0","0","0","0","0","0","0","1","1","1","1","0","0"
"North Waroona (North Watoona)","-32.8333","115.91667",NA,"1","0","1","0","0","0","0","0","0","0","0","0","0","0","0"
"Northeast Dunes","-5.7833","-35.21667","La, Ce, Pr, Nd, Sm, Tb","1","1","0","0","0","0","0","0","0","1","1","1","1","0","0"
"Nosy Komba","-13.46667","48.3333","Ce, Y","1","1","0","0","0","0","0","0","0","1","1","1","1","0","0"
"Nsengwa","-15.41667","34.71667","La, Ce, Pr, Nd, Sm, Tb","1","1","0","0","0","0","0","0","0","1","1","1","1","0","0"
"Nuwara Eliya","7.3","80.7667","La, Ce, Pr, Nd, Sm, Tb","1","1","0","0","1","0","0","0","0","1","1","1","1","0","0"
"Oak Grove","36.3833","-88.1667","La, Ce, Pr, Nd, Sm, Tb","1","1","1","0","1","0","0","0","0","1","0","1","0","0","0"
"Odegarden","58.95","9.6333","Ce, La, Nd, Sm, Gd, Pr, Tb","1","1","0","0","0","0","0","0","0","1","1","1","1","0","0"
"Oka","45.5","-74","Nd, Ce, La, Sm, Gd, Y","1","1","1","0","0","0","0","0","0","1","1","1","1","1","0"
"Okarito - Five Mile Beach","-43.21667","170.1667","La, Ce, Pr, Nd, Sm, Tb","1","1","0","0","0","0","0","0","0","1","1","1","1","0","0"
"Okorusu Complex","-20.033","16.7667","Ce, Nd, Y, La, Pr, Sm, Tb, Yb","1","1","1","1","1","1","1","1","1","1","1","1","1","0","0"
"Old Hickory (Stony Creek)","36.94915","-77.666956","La, Ce, Pr, Nd, Sm, Tb","1","1","0","0","0","0","0","0","0","1","1","1","1","0","0"
"Olympic Dam","-30.45","136.88333","La, Ce, Pr, Nd, Sm, Tb, Y, Eu, Gd, Dy, Er, Tm, Lu","1","0","1","0","0","0","0","0","0","0","0","0","0","0","0"
"Ondurukurme Complex (Ondumakorume, Kameelberg)","-20.7667","16.25","La, Ce, Pr, Nd, Sm, Tb","1","0","0","0","0","0","0","0","0","1","0","0","0","0","0"
"Onemile Creek area","44.9333","-109.7667","Y, Ce","1","1","1","0","1","0","0","0","0","1","1","1","1","0","0"
"Owella Estate (Matale)","7.4667","80.61667","La, Ce","1","1","1","0","1","0","0","0","0","1","1","1","1","0","0"
"Pajarito Mountain","33.2333","-105.4333","Ce, La, Y, Nd, Pr, Gd, Sm, Tb","1","1","0","0","0","0","0","0","0","1","1","1","1","0","0"
"Palabora (Phalaborwa)","-23.9833","31.11667","Ce, La, Nd, Sm, Gd, Y, Pr, Tb","1","1","0","0","0","0","0","0","0","1","1","1","1","0","0"
"Palghat","10.75","76.5833","La, Ce, Pr, Nd, Sm, Tb","1","1","0","0","0","0","0","0","0","1","1","1","1","0","0"
"Panirchara","21.56687","91.9","La, Ce, Pr, Nd, Sm, Tb","1","1","1","0","0","0","0","0","0","1","1","1","0","0","0"
"Paranagua","-25.5333","-48.51667","La, Ce, Pr, Nd, Sm, Tb","1","1","0","0","0","0","0","0","0","1","1","1","1","0","0"
"Pea Ridge","38.12621","-91.04766","Ce, La, Nd, Y, Pr, Sm","1","1","0","0","0","0","0","0","0","1","1","1","1","0","0"
"Pearsol Creek","44.51667","-116.0833","La, Ce, Pr, Nd, Sm, Tb","1","1","0","0","0","0","0","0","0","1","1","1","1","0","0"
"Pebane district","-17.15","37.8333","La, Ce, Pr, Nd, Sm, Tb","0","0","1","0","1","0","1","0","0","0","0","0","0","1","0"
"Peitungshanchow","23.7","120.95","La, Ce, Pr, Nd, Sm, Tb","0","0","0","0","0","0","0","0","0","0","0","0","0","0","0"
"Petaca District","36.58835","-106.0717","Yb, Y, Er, Gd","1","1","1","0","0","0","0","0","0","1","1","1","1","1","0"
"Phan Thiet","10.6333","108.0833",NA,"1","1","0","0","0","0","0","0","0","1","1","1","1","0","0"
"Phuket","7.98333","98.3333","La, Ce, Pr, Nd, Sm, Tb, Y, Yb","1","1","1","0","1","0","0","0","0","1","1","0","0","0","0"
"Pi-In","36.1333","126.6","La, Ce, Pr, Nd, Sm, Tb","0","0","0","0","0","0","0","0","0","0","0","0","0","0","0"
"Pilansberg Complex (Pilanesberg, Pilaan's berg)","-25.23333","27.06667","Ce, La, Y, Nd, Pr, Gd","1","1","0","0","0","0","0","0","0","1","1","1","1","0","0"
"Pingyuan","24.56667","115.88333",NA,"1","1","1","0","0","0","0","0","0","1","1","1","1","1","0"
"Pinkenba","-27.4333","153.11667","La, Ce, Pr, Nd, Sm, Tb","1","1","1","1","1","1","1","1","1","1","1","1","1","1","1"
"Pitinga","-0.75","-60.11667","Y, Tb, Yb, La, Ce, Pr, Nd, Sm","1","1","1","1","1","1","1","1","1","1","1","0","0","0","0"
"Ploskaya Mountain","68.8667","33.13333","Y, Yb, Ce, La, Nd, Dy, Gd, Ho, Pr, Sm, Tb, Eu, Er, Tm, Lu","1","1","0","0","0","0","0","0","0","1","1","1","1","0","0"
"Pocos de Caldas (Morro do Ferro)","-21.916667","-46.5667","La, Ce, Y, Eu, Gd, Dy, Er, Tm, Lu, Nd, Pr","1","1","1","0","0","0","0","0","0","1","1","1","1","1","0"
"Polkotuwa","6.48333","79.98333","La, Ce, Pr, Nd, Sm, Tb","1","1","0","0","0","0","0","0","0","1","1","1","1","0","0"
"Pomona Tile Company","34.3333","-115.55","Yb, La, Ce, Pr, Nd, Sm, Tb","1","1","1","0","0","0","0","0","0","1","1","1","1","1","0"
"Ponoiskii","67.016667","39.2","La, Ce, Pr, Nd, Sm, Tb","0","0","0","0","0","0","0","0","0","0","0","0","0","0","0"
"Port Clarence","65.6667","-166.5","La, Ce, Pr, Nd, Sm, Tb, Y, Yb","0","0","1","0","0","0","0","0","0","0","0","0","1","1","0"
"Port Clinton","-34.21667","138",NA,"1","1","0","0","0","0","0","0","0","1","1","1","1","0","0"
"Porto Seguro District","-16.4333","-39.08333","La, Ce, Pr, Nd, Sm, Tb","1","1","1","0","0","0","0","0","0","1","1","1","1","1","0"
"Prachuap Khiri Khan (Prajuab Kirikhan, Prachuab Kiri Khan)","11.81667","99.81667","La, Ce, Pr, Nd, Sm, Tb, Y, Yb","1","1","1","0","0","0","0","0","0","1","1","1","1","1","0"
"Prado area","-17.4","-39.2","La, Ce, Pr, Nd, Sm, Tb, Y, Yb","1","1","0","0","0","0","0","0","0","1","1","1","1","0","0"
"Prowse","-27.6667","121.61667","La, Ce, Pr, Nd, Sm, Tb","1","1","0","0","0","0","0","0","0","1","1","1","1","0","0"
"Pudavakattu","8.8833","80.98333","La, Ce, Pr, Nd, Sm, Tb","1","1","0","0","0","0","0","0","0","1","1","1","1","0","0"
"Pulmoddai","8.95","80.95","La, Ce, Pr, Nd, Sm, Tb","1","1","0","0","0","0","0","0","0","1","1","1","1","0","0"
"Puri","19.75","85.56","La, Ce, Pr, Nd, Sm, Tb","0","0","0","0","0","0","0","0","0","0","0","0","0","0","0"
"Putaichow","23.85","120.96667",NA,"0","0","0","0","0","0","0","0","0","0","0","0","0","0","0"
"Qaqarssuk","65.3833","-51.7",NA,"1","1","0","0","1","0","0","0","0","1","0","1","0","0","0"
"Qiganlaing","39.15","109.45","Ce, La, Nd, Sm, Gd","0","0","0","0","0","0","0","0","0","0","0","0","0","0","0"
"Qingyuan","23.7","113.0333",NA,"1","1","0","0","0","0","0","0","0","1","1","1","1","0","0"
"Qinzhou (Qinxian)","21.98333","108.6","La, Ce, Pr, Nd, Sm, Tb","1","1","1","0","0","0","0","0","0","1","1","1","1","1","0"
"Quang Ngan","16.6333","107.41667","La, Ce, Pr, Nd, Sm, Tb, Y, Yb","1","1","1","0","0","0","0","0","0","1","1","1","1","0","0"
"Quelemane","-17.8833","36.85","La, Ce, Pr, Nd, Sm, Tb, Y","0","0","0","0","0","0","0","0","0","0","0","0","0","0","0"
"Qui Nhon (includes Hoi Loch, Bai Bang, Vinh Cuu, Bo Ngua)","13.76667","109.21667",NA,"1","1","0","0","0","0","0","0","0","1","1","1","1","0","0"
"Rainbow Beach","-25.9","153.0833","La, Ce, Pr, Nd, Sm, Tb","1","0","0","0","0","0","0","0","0","1","0","0","0","0","0"
"Ramey Meadows","45.2667","-115.1833","La, Ce","1","1","0","0","0","0","0","0","0","1","1","1","1","0","0"
"Ranchi-Purulia","23.41667","86","La, Ce, Pr, Nd, Sm, Tb","1","1","1","0","0","0","0","0","0","1","1","1","1","1","0"
"Ranong","9.95","98.6333","La, Ce, Pr, Nd, Sm, Tb, Y, Yb","1","1","1","0","0","0","0","0","0","1","1","1","1","0","0"
"Ravalli County","45.5","-113.33","La, Ce, Pr, Nd, Sm, Tb, Y","0","0","1","0","0","0","0","0","0","0","0","0","0","0","0"
"Red Hills","32.86293","-107.25655","Y","1","1","1","0","1","0","0","0","0","1","1","0","0","0","0"
"Red Wine","54.08333","-62.58333","Ce, La, Y, Nd, Pr, Gd","0","0","0","0","0","0","0","0","0","0","0","0","0","0","0"
"Rexspar (Birch Island)","51.56667","-119.9",NA,"1","1","0","0","0","0","0","0","0","1","1","1","1","0","0"
"Richards Bay","-28.7","32.16667","La, Ce, Pr, Nd, Sm, Tb","1","1","0","0","0","0","0","0","0","1","1","1","1","0","0"
"Rio Tercero","-32.0333","-64.2","La, Ce, Pr, Nd, Sm, Tb","1","1","1","0","0","0","0","0","0","1","0","0","0","0","0"
"Rock Canyon Creek (Candy)","49.260278","-118.487778","Ce, Nd, Y, La","1","0","0","0","0","0","0","0","0","1","0","0","0","0","0"
"Rodeo de Los Molles","-32.3833","-65.7833","Ce, La","1","1","0","0","0","0","0","0","0","1","1","1","1","0","0"
"Ross","-42.8667","170.81667","La, Ce, Pr, Nd, Sm, Tb","0","0","1","0","0","0","0","0","0","0","0","0","0","0","0"
"Ruby Meadows","64.41667","-154.333","La, Ce","1","0","0","0","0","0","0","0","0","1","0","0","0","0","0"
"Rucheng area","25.6","113.6833",NA,"0","0","0","0","0","0","0","0","0","0","0","0","0","0","0"
"Ruri Complex","-0.5333","34.3333","La, Ce, Pr, Nd, Sm, Tb, Y, Eu, Gd, Dy, Er, Tm, Lu","1","1","1","1","1","1","1","1","1","1","1","1","1","0","0"
"Ruyuan","24.7667","113.26667",NA,"0","0","0","0","0","0","0","0","0","0","0","0","0","0","0"
"Ryunan","27.71667","115.6333",NA,"0","0","0","0","0","0","0","0","0","0","0","0","0","0","0"
"Sabarkantha","23.7","73.1833","La, Ce, Pr, Nd, Sm, Tb","1","1","0","0","0","0","0","0","0","1","1","1","1","0","0"
"Sai-Chon","7.8333","98.333","La, Ce, Pr, Nd, Sm, Tb","1","1","0","0","0","0","0","0","0","1","1","1","1","0","0"
"Sai-Lao (Quoinghi)","19.25","110.6","La, Ce, Pr, Nd, Sm, Tb","1","1","0","0","0","0","0","0","0","1","1","1","1","0","0"
"Saima","40.9833","124.2","Ce, Y, La, Nd, Pr, Gd","1","1","1","0","1","0","0","0","0","1","1","0","0","0","0"
"Sakagyi","22.93277","96.21667","La, Ce, Pr, Nd, Sm, Tb","1","1","0","0","0","0","0","0","0","1","1","1","1","0","0"
"Sakhariokskii (Sacharijok)","67.6667","36.2","La, Ce, Y, Eu, Gd, Dy, Er, Tm, Lu","1","0","1","1","1","1","1","1","1","1","0","0","0","0","0"
"Salitre I and II","-19.033","-46.7833","La, Ce, Pr, Nd, Sm, Tb","1","1","0","0","0","0","0","0","0","1","1","1","1","0","0"
"Sallanlatvi (Sallanlatvinskii)","66.95","29.1667","Ce, La, Nd, Y, Eu, Gd, Dy, Er, Tm, Lu, Pr, Sm, Tb","1","1","1","1","1","1","1","1","1","1","1","1","1","0","0"
"Salmon Bay","56.31915","-133.17145","Ce, La, Nd, Y, Eu, Gd, Dy, Er, Tm, Lu, Pr, Sm, Tb","1","1","1","1","1","1","1","1","1","1","1","1","1","0","0"
"Saltwater Lagoon","-43.1","170.35","La, Ce, Pr, Nd, Sm, Tb","1","1","0","0","0","0","0","0","0","1","1","1","1","0","0"
"San Antonio","7.743056","-63.575",NA,"0","0","0","0","0","0","0","0","0","0","0","0","0","0","0"
"Sanbagoma","15.5833","-11.95","La, Ce, Pr, Nd, Sm, Tb","1","1","0","0","0","0","0","0","0","1","1","1","1","0","0"
"Sandalwood","-34.95","140.1333","La, Ce, Pr, Nd, Sm, Tb","1","1","0","0","0","0","0","0","0","1","1","1","1","0","0"
"Sandkopsdrif (Zandkops Drift)","-30.8833","17.95","Y, Nd, Ce, La","1","1","1","0","0","0","0","0","0","1","0","0","0","0","0"
"Sangu Carbonatite Group, Karema Depression (includes Ikola, Ikambwa, Middle carbonatites)","-6.8","30.51667",NA,"0","0","0","0","0","0","0","0","0","0","0","0","0","0","0"
"Sanlangyan","29.65","112.7833",NA,"0","0","0","0","0","0","0","0","0","0","0","0","0","0","0"
"Sao Goncalo do Sapucai area","-21.9333","-45.6667","La, Ce, Pr, Nd, Sm, Tb","1","1","0","0","0","0","0","0","0","1","1","1","1","0","0"
"Sao Joao de Barra (Barra Sao Joao)","-21.38333","-41.05","La, Ce, Pr, Nd, Sm, Tb","1","1","0","0","0","0","0","0","0","1","1","1","1","0","0"
"Sao Mateus","-19.6333","-40.88333","La, Ce, Pr, Nd, Sm, Tb","1","1","0","0","0","0","0","0","0","1","1","1","1","0","0"
"Sao Sebastio da Bela Vista","-22.1833","-45.7667","La, Ce, Pr, Nd, Sm, Tb","1","1","0","0","0","0","0","0","0","1","1","1","1","0","0"
"Sarfartoq","66.5","-51.25","Nd","0","1","0","0","0","0","0","0","0","0","0","0","0","0","0"
"Sarnu","24.7","71.91667","Ce","1","0","0","0","0","0","0","0","0","0","0","0","0","0","0"
"Saulia","-2.91667","25.75","Eu, La, Ce, Pr, Nd, Sm, Tb","1","1","0","1","0","0","0","0","0","1","1","1","1","0","0"
"Schevchenko","44.51667","50.2667","Eu","0","0","0","1","0","0","0","0","0","0","0","0","0","0","0"
"Scrub Oaks","40.58333","-74.55","Ce, Nd, Y, Tb, Yb, Eu, Gd, Dy, Er, Tm, Lu, La, Sm","1","1","1","1","1","1","1","1","1","1","0","1","1","1","0"
"Se Petiba","-22.5333","-44.7667","La, Ce, Pr, Nd, Sm, Tb","1","1","0","0","0","0","0","0","0","1","1","1","1","0","0"
"Sebl'yavr Carbonatite Complex (Seblyavr)","68.71667","32.1333","Ce, La, Y, Eu, Gd, Dy, Er, Tm, Lu","1","0","1","1","1","1","1","1","1","1","0","0","0","0","0"
"Seligdar","58.4","125.3","Ce, La, Nd, Sm, Gd, Pr, Tb","1","1","0","0","1","0","0","0","0","1","1","1","1","0","0"
"Serra (Jacareipe)","-20.1667","-40.3333","La, Ce, Pr, Nd, Sm, Tb","1","1","0","0","0","0","0","0","0","1","1","1","1","0","0"
"Serra Negra","-18.91667","-46.8333","Ce, La, Nd, Sm, Gd","1","1","0","0","1","0","0","0","0","1","0","1","0","0","0"
"Shallow Lake","55","-61","Ce, La, Y, Nd, Pr, Gd","1","1","1","0","1","0","0","0","0","1","1","0","0","0","0"
"Shartolgoi","49.05","92.75",NA,"0","0","0","0","0","0","0","0","0","0","0","0","0","0","0"
"Sheep Creek","45.5","-114.333",NA,"0","0","0","0","0","0","0","0","0","0","0","0","0","0","0"
"Shengtieling","42.2833","123.8333","La, Ce, Pr, Nd, Sm, Tb","1","1","0","0","0","0","0","0","0","1","1","1","1","0","0"
"Shilkhali","21.05","92.18333","La, Ce, Pr, Nd, Sm, Tb","1","1","0","0","0","0","0","0","0","1","1","1","1","0","0"
"Shuitai","22.61667","112.4667",NA,"0","0","0","0","0","0","0","0","0","0","0","0","0","0","0"
"Shvanidzorskii","39","46.38333","La, Ce, Pr, Nd, Sm, Tb","1","1","0","0","0","0","0","0","0","1","1","1","1","0","0"
"Sierra de Tamaulipas","23.2","-98.4","Ce, La, Y, Nd, Pr, Gd, Sm, Tb","1","1","1","0","1","0","0","0","0","1","1","1","1","0","0"
"Signal district","34.5333","-113.55","Yb, Y, Ce","1","0","1","0","0","0","0","0","0","0","0","0","0","1","0"
"Siilinjarvi","63.0833","27.6667","Ce, La, Nd, Sm, Gd","1","1","0","0","1","0","0","0","0","1","0","1","0","0","0"
"Silica Mine","36.0333","-88.1833","La, Ce, Pr, Nd, Sm, Tb","1","1","0","0","0","0","0","0","0","1","1","1","1","0","0"
"Singkep","-0.5","104.41667","La, Ce, Pr, Nd, Sm, Tb, Y, Yb","1","1","0","0","0","0","0","0","0","1","1","1","1","0","0"
"Sin-Krasom","8.55","98.41667","La, Ce, Pr, Nd, Sm, Tb","1","1","1","0","0","0","0","0","0","1","1","1","1","1","0"
"Sinoe County","5.333","-8.667","La, Ce, Pr, Nd, Sm, Tb","1","1","0","0","0","0","0","0","0","1","1","1","1","0","0"
"Slupsk","54.4667","17.01667","La, Ce, Pr, Nd, Sm, Tb","1","1","0","0","0","0","0","0","0","1","1","1","1","0","0"
"Smoky Canyon","42.71667","-111.1333","La, Ce, Pr, Nd, Sm, Tb","1","1","0","0","0","0","0","0","0","1","1","1","1","0","0"
"Sokli","67.75","29.25","Ce, La, Nd, Sm, Gd","1","1","1","0","0","0","0","0","0","1","1","1","1","1","0"
"Sokolo","-0.46667","34.3833",NA,"1","1","0","0","1","0","0","0","0","1","0","1","0","0","0"
"Soledad","36.4333","-121.333","La, Ce, Pr, Nd, Sm, Tb","0","0","0","0","0","0","0","0","0","0","0","0","0","0","0"
"Songwe Scarp","-9","33.2667",NA,"1","1","0","0","0","0","0","0","0","1","1","1","1","0","0"
"Songwe Syenite (includes Ilomba and Ulindi intrusions)","-9.55","33.26667","Y, Eu, Gd, Dy, Er, Tm, Lu, Ce, La, Nd, Pr","0","0","0","0","0","0","0","0","0","0","0","0","0","0","0"
"Soroy","70.6011","22.88861",NA,"1","1","1","1","1","1","1","1","1","1","1","0","0","0","0"
"Soun-Miyang","36.91667","127.333","La, Ce, Pr, Nd, Sm, Tb","0","0","0","0","0","0","0","0","0","0","0","0","0","0","0"
"South Ham Tam","10.81667","107.76667","La, Ce, Pr, Nd, Sm, Tb, Y, Yb","1","1","0","0","0","0","0","0","0","1","1","1","1","0","0"
"South Platte District","39","-105","La, Ce, Pr","1","1","1","0","0","0","0","0","0","1","1","1","1","1","0"
"Southern Malayan Batu Gajah Mine","4.4667","101.033","La, Ce, Pr, Nd, Sm, Tb","1","0","0","0","0","0","0","0","0","1","1","0","0","0","0"
"Springer (Lavergne)","46.45","-79.95","Y, Eu, Gd, Dy, Er, Tm, Lu","1","1","0","0","0","0","0","0","0","1","1","1","1","0","0"
"Srednetatarskii (Zaangarskii)","58.4","93.58333","Ce, La, Y, Nd, Pr, Gd","0","0","1","1","1","1","1","1","1","0","0","0","0","0","0"
"Srednevorogovskii","61.25","90.0333","Ce, La, Pr, Nd, Sm, Tb, Yb","1","1","1","0","1","0","0","0","0","1","1","0","0","0","0"
"St. Honore","48.55","-71.0667","Y, Eu, Gd, Dy, Er, Tm, Lu, Nd, Ce, La, Pr, Sm, Tb","1","1","1","0","0","0","0","0","0","1","1","1","1","1","0"
"Steenkampskraal (Steentampskraal)","-30.91667","18.6667","La, Ce, Pr, Nd, Sm, Tb","1","1","1","1","1","1","1","1","1","1","1","1","1","0","0"
"Stjernoy","70.3","22.5",NA,"1","1","0","0","0","0","0","0","0","1","1","1","1","0","0"
"Stockton (Stockton Bight)","-32.8333","151.85","La, Ce, Pr, Nd, Sm, Tb","0","0","0","0","0","0","0","0","0","0","0","0","0","0","0"
"Strange Lake (Lac Brisson)","56.3","-64.11667","Ho, Y, Gd, Dy, Eu, Er, Tm, Lu, Ce, La, Pr, Nd, Sm, Tb","1","1","0","0","0","0","0","0","0","1","1","1","1","0","0"
"Stratham South","-33.4667","115.5833","La, Ce, Pr, Nd, Sm, Tb","1","1","1","1","1","1","1","1","1","1","1","1","1","0","1"
"Subrang","20.8667","92.3","La, Ce, Pr, Nd, Sm, Tb","1","1","0","0","0","0","0","0","0","1","1","1","1","0","0"
"Sucunduri","-8.5333","-59.46667","Ce, La, Y, Nd, Pr, Gd","1","1","0","0","0","0","0","0","0","1","1","1","1","0","0"
"Sudbury","46.5","-81",NA,"1","1","1","0","1","0","0","0","0","1","1","0","0","0","0"
"Sugar Loaf (Mumbwa North, NW Mumbwa)","-14.75","26.8333","Y, Eu, Ce","0","0","0","0","0","0","0","0","0","0","0","0","0","0","0"
"Sukulu","0.65","34.15",NA,"1","0","1","1","0","0","0","0","0","0","0","0","0","0","0"
"Swan Lake Gulch","42.6333","-111.41667",NA,"0","0","0","0","0","0","0","0","0","0","0","0","0","0","0"
"Synnyr","56.91667","111.333","Ce, La, Y, Nd, Pr, Gd, Sm, Y, Eu, Dy, Er, Tm, Lu","0","0","0","0","0","0","0","0","0","0","0","0","0","0","0"
"Takua Pa","8.8833","98.35","La, Ce, Pr, Nd, Sm, Tb","1","1","1","1","1","1","1","1","1","1","1","1","0","0","0"
"Tamazert (Oued Tamazert, Tamazeght, Bou Agrao)","32.5667","-4.65","Ce, Nd, Y, La, Pr, Sm, Tb","1","1","0","0","0","0","0","0","0","1","1","1","1","0","0"
"Tanmen","18.4667","110.033",NA,"1","1","1","0","0","0","0","0","0","1","1","1","1","0","0"
"Taohualashan","39","101.3333",NA,"0","0","0","0","0","0","0","0","0","0","0","0","0","0","0"
"Taohulashan","40.8333","111.7","La, Ce, Pr, Nd, Sm, Tb","0","0","0","0","0","0","0","0","0","0","0","0","0","0","0"
"Tapira","-19.9","-46.8667","Y, Eu, Ce, Nd, La, Sm, Gd","1","1","0","0","0","0","0","0","0","1","1","1","1","0","0"
"Tchivira (Chivara, Quicuco)","-14.31667","13.8833",NA,"1","1","1","1","1","0","0","0","0","1","0","1","0","0","0"
"Teknaf","20.86667","92.3","La, Ce, Pr, Nd, Sm, Tb","0","0","0","0","0","0","0","0","0","0","0","0","0","0","0"
"Teldeniya","7.3","80.76667","La, Ce, Pr, Nd, Sm, Tb","1","1","0","0","0","0","0","0","0","1","1","1","1","0","0"
"Telixtlahuaca","17.3","-96.9",NA,"1","1","0","0","0","0","0","0","0","1","1","1","1","0","0"
"Tezhsar","40.68333","44.65",NA,"0","0","0","0","0","0","0","0","0","0","0","0","0","0","0"
"Thawi-Thap","8.65","98.41667","La, Ce, Pr, Nd, Sm, Tb","0","0","0","0","0","0","0","0","0","0","0","0","0","0","0"
"Thor Lake (Blachford Lake)","62.1","-112.6667","Y, Tb, Yb, Ho, Gd, Dy, Eu, Er, Tm, Lu, Ce, La, Nd, Pr, Sm","1","1","0","0","0","0","0","0","0","1","1","1","1","0","0"
"Tie Siding","41.08333","-105.5","La, Ce","1","1","1","1","1","1","1","1","1","1","1","1","1","1","1"
"Tiguesmat el Akhdar (Tigsmat)","24.85","-8.18333","La, Ce","1","0","0","0","0","0","0","0","0","1","0","0","0","0","0"
"Tikshozerskii","66.2833","31.6667","Ce","1","0","0","0","0","0","0","0","0","1","0","0","0","0","0"
"Tin fields","-1.9333","29.8667","La, Ce, Pr, Nd, Sm, Tb","1","0","0","0","0","0","0","0","0","0","0","0","0","0","0"
"Tingtouechow","23.5667","120.95","La, Ce, Pr, Nd, Sm, Tb","1","1","0","0","0","0","0","0","0","1","1","1","1","0","0"
"Tirrukkovil (Tirukkovil)","7.11667","81.85","La, Ce, Pr, Nd, Sm, Tb","1","1","0","0","0","0","0","0","0","1","1","1","1","0","0"
"Tleumbetskii","50.76667","77.0333","La, Ce, Pr, Nd, Sm, Tb","1","1","0","0","0","0","0","0","0","1","1","1","1","0","0"
"Toisuk - Bol'shaya Zhidaya","61.5333","105.333",NA,"1","1","0","0","0","0","0","0","0","1","1","1","1","0","0"
"Tolagnaro","-25.0333","47","La, Ce, Pr, Nd, Sm, Tb","0","0","0","0","0","0","0","0","0","0","0","0","0","0","0"
"Tolovana","65.5","-148.1667","La, Ce, Pr, Nd, Sm, Tb","1","1","0","0","0","0","0","0","0","1","1","1","1","0","0"
"Tomago (Newcastle, Clybucca)","-32.8","151.71667","La, Ce, Pr, Nd, Sm, Tb","1","1","0","0","0","0","0","0","0","1","1","1","1","0","0"
"Tommot","58.3833","125.21667","Ce, La, Y, Pr, Nd, Sm, Tb, Dy, Ho, Gd","1","1","0","0","0","0","0","0","0","1","1","1","1","0","0"
"Tomtor","71","116.58333","Nd, Ce, La, Sm, Pr, Y, Tb, Yb","1","1","1","0","1","1","0","0","0","1","1","1","1","0","1"
"Tongsalin","27.75","111.9",NA,"1","1","1","0","0","0","0","0","0","1","1","1","1","1","0"
"Toongi (Dubbo)","-32.4333","148.6",NA,"0","0","0","0","0","0","0","0","0","0","0","0","0","0","0"
"Topsails","48.75","-57","La, Ce, Pr, Nd, Sm, Tb","0","0","0","0","0","0","0","0","0","0","0","0","0","0","0"
"Toscanini","-20.8333","13.41667","La, Ce, Pr, Nd, Sm, Tb","1","1","0","0","0","0","0","0","0","1","1","1","1","0","0"
"Trail Creek","42.7333","-111.41667","La, Ce, Pr, Nd, Sm, Tb","1","1","0","0","0","0","0","0","0","1","1","1","1","0","0"
"Trail Ridge (Highland Trail Ridge, Starke Trail Ridge)","30.0333","-82.0333","La, Ce, Pr, Nd, Sm, Tb","1","1","0","0","0","0","0","0","0","1","1","1","1","0","0"
"Trivandrum","8.48333","76.91667","La, Ce, Pr, Nd, Sm, Tb","1","1","0","0","0","0","0","0","0","1","1","1","1","0","0"
"Tronoh Mines","4.41667","100.98333","La, Ce, Pr, Nd, Sm, Tb","1","1","0","0","0","0","0","0","0","1","1","1","1","0","0"
"Tsakhirt","48.55","91.93333","Y","1","1","0","0","0","0","0","0","0","1","1","1","1","0","0"
"Tundulu","-15.5333","35.8","Y, Eu, Gd, Dy, Er, Tm, Lu, Ce, La, Nd, Sm, Y, La, Pr, Tb","0","0","1","0","0","0","0","0","0","0","0","0","0","0","0"
"Tungshanchow","23.5667","120.0667","La, Ce, Pr, Nd, Sm, Tb","1","1","1","1","1","1","1","1","1","1","1","1","1","0","0"
"Tutunup","-33.65","115.5667","La, Ce, Pr, Nd, Sm, Tb","1","1","0","0","0","0","0","0","0","1","1","1","1","0","0"
"Twareietau","2","-57","Nd, Ce, La, Sm","1","1","0","0","0","0","0","0","0","1","1","1","1","0","0"
"Ulaan Tolgoi","49.5333","93.016667",NA,"1","1","0","0","0","0","0","0","0","1","0","1","0","0","0"
"Ulkanshoe","56.316667","134.81667","Ce, La, Nd, Y, Eu, Gd, Dy, Er, Tm, Lu","0","0","0","0","0","0","0","0","0","0","0","0","0","0","0"
"Umgabab","-30.1333","30.8333","La, Ce, Pr, Nd, Sm, Tb","1","1","1","1","1","1","1","1","1","1","0","0","0","0","0"
"Umm al Birak","23.36667","39.216667","La, Ce, Pr, Nd, Sm, Tb, Y, Eu, Gd, Dy, Er, Tm, Lu","1","1","0","0","0","0","0","0","0","1","1","1","1","0","0"
"Unnamed","26.1","119.28333",NA,"1","1","1","1","1","1","1","1","1","1","1","1","1","0","0"
"Unsan","40.333","127.5",NA,"0","0","0","0","0","0","0","0","0","0","0","0","0","0","0"
"Urumqi","34.6","105.65",NA,"0","0","0","0","0","0","0","0","0","0","0","0","0","0","0"
"Ussangoda","6.7667","80.38333",NA,"0","0","0","0","0","0","0","0","0","0","0","0","0","0","0"
"Uyaynah","25.51667","56.36667","La, Ce","0","0","0","0","0","0","0","0","0","0","0","0","0","0","0"
"Valle Fertil","-31","-67.5","La, Ce, Pr, Nd, Sm, Tb","1","0","0","0","0","0","0","0","0","1","0","0","0","0","0"
"Vedi-Azatskii","39.98333","45",NA,"1","1","0","0","0","0","0","0","0","1","1","1","1","0","0"
"Venturi Township (Township 107, Spanish River)","46.5833","-81.71667",NA,"0","0","0","0","0","0","0","0","0","0","0","0","0","0","0"
"Verkhnesayanskii","53.45","100.41667","Ce, La, Nd, Pr, Sm, Tb","0","0","0","0","0","0","0","0","0","0","0","0","0","0","0"
"Vero Beach","27.6333","-80.4","La, Ce, Pr, Nd, Sm, Tb, Y, Yb","1","1","0","0","0","0","0","0","0","1","1","1","1","0","0"
"Viney Creek","-32.61667","152.1167","La, Ce, Pr, Nd, Sm, Tb","1","1","1","0","0","0","0","0","0","1","1","1","1","1","0"
"Vinh Cam Ranh","11.8833","109.1667","La, Ce, Pr, Nd, Sm, Tb","1","1","0","0","0","0","0","0","0","1","1","1","1","0","0"
"Vinh Giat","12.71667","109.3667","La, Ce, Pr, Nd, Sm, Tb","1","1","0","0","0","0","0","0","0","1","1","1","1","0","0"
"Vinh Mi (Vinh My)","16.333","107.75","La, Ce, Pr, Nd, Sm, Tb, Y, Yb","1","1","0","0","0","0","0","0","0","1","1","1","1","0","0"
"Virulundo","-16.3","12.9333","Ce, La, Nd, Y","1","1","1","0","0","0","0","0","0","1","1","1","1","1","0"
"Visakhapatnam","17.7","83.3","La, Ce, Pr, Nd, Sm, Tb","1","1","1","0","0","0","0","0","0","1","0","0","0","0","0"
"Vishnevye Mountains (Ilmenogorskii-Vishnevogorskii)","55.9833","60.5667","La, Ce","1","1","0","0","0","0","0","0","0","1","1","1","1","0","0"
"Vitoria District","-18.3667","-40.7","La, Ce, Pr, Nd, Sm, Tb","1","0","0","0","0","0","0","0","0","1","0","0","0","0","0"
"Vohibarika area","-16.28333","48.98333","La, Ce, Pr, Nd, Sm, Tb","1","1","0","0","0","0","0","0","0","1","1","1","1","0","0"
"Vung Tau","10.35","107.08333","La, Ce, Pr, Nd, Sm, Tb","1","1","0","0","0","0","0","0","0","1","1","1","1","0","0"
"Vuoriyarvi","60.8","30.11667",NA,"1","1","0","0","0","0","0","0","0","1","1","1","1","0","0"
"Wadi el Sahrm","24.7333","35.01667","La, Ce","0","0","0","0","0","0","0","0","0","0","0","0","0","0","0"
"Waisantingchow","23.481944","120.058889","La, Ce, Pr, Nd, Sm, Tb","1","0","0","0","0","0","0","0","0","1","0","0","0","0","0"
"Wajiertage (Wajiltag)","39.5","79","La, Ce, Pr, Nd, Sm, Tb, Y, Eu, Gd, Dy, Er, Tm, Lu","1","1","0","0","0","0","0","0","0","1","1","1","1","0","0"
"Wan Hapalam","21.5333","97.3","La, Ce, Pr, Nd, Sm, Tb","1","1","1","1","1","1","1","1","1","1","1","1","1","0","0"
"Wangtzeliaochow","23.41667","120.95","La, Ce, Pr, Nd, Sm, Tb","1","1","0","0","0","0","0","0","0","1","1","1","1","0","0"
"Wangu Hill","-28.8","31.333",NA,"1","1","0","0","0","0","0","0","0","1","1","1","1","0","0"
"Wangyehchow","23.4833","120.95","La, Ce, Pr, Nd, Sm, Tb","0","0","0","0","0","0","0","0","0","0","0","0","0","0","0"
"Warm Spring Creek placers","43.55","-109.71667","La, Ce, Pr, Nd, Sm, Tb","1","1","0","0","0","0","0","0","0","1","1","1","1","0","0"
"Waroona (Hamel)","-32.8333","115.91667","La, Ce, Pr, Nd, Sm, Tb, Y, Yb","1","1","0","0","0","0","0","0","0","1","1","1","1","0","0"
"Weishan (Chisan, Xishan, 1010)","34.75","117.2","Y, Eu, Gd, Dy, Er, Tm, Lu, Ce, La, Nd, Pr, Sm, Tb","1","1","1","0","0","0","0","0","0","1","1","1","1","1","0"
"Welgevonden","-25.4333","27.4333","La","1","1","1","1","1","1","1","1","1","1","1","1","1","0","0"
"Wemen","-34.91667","142.75",NA,"0","0","0","0","0","0","0","0","0","1","0","0","0","0","0"
"Westcriffe","38.1333","-105.46667",NA,"0","0","0","0","0","0","0","0","0","0","0","0","0","0","0"
"Western Keiv (Rovozero, Platongora, Yumperuaiv)","67.783333","36.5","La, Ce, Pr, Nd, Sm, Tb, Y, Gd, Yb, Dy, Ho, Eu, Er, Tm, Lu","0","0","0","0","0","0","0","0","0","0","0","0","0","0","0"
"Westport (inclueds Nine Mile Beach, Carters Beach)","-41.1","172.4","La, Ce, Pr, Nd, Sm, Tb","1","1","1","1","1","1","1","1","1","1","1","1","1","1","1"
"Wet Mountains","38.16695","-105.21388","Ce, La, Nd, Sm, Gd, Y, Eu, Dy, Er, Tm, Lu, Tb, Yb, Pr","1","1","0","0","0","0","0","0","0","1","1","1","1","0","0"
"Wheeler River","49.6","-114.7833","Y, Tb, Yb","1","1","1","1","1","1","1","1","1","1","1","1","1","1","0"
"White Tundra","67.46667","35.8333","La, Ce, Pr, Nd, Sm, Tb, Y, Yb","0","0","1","0","0","0","0","0","0","0","0","0","1","1","0"
"Wigu Hill","-7.4333","37.56667","Y, Eu, Gd, Dy, Er, Tm, Lu, La, Ce, Pr, Nd, Sm, Tb","1","1","1","0","0","0","0","0","0","1","1","1","1","1","0"
"Williams Lake- Maw zone","56.71667","-103.2667","Y","1","1","1","1","1","1","1","1","1","1","1","1","1","0","0"
"Williamstown","-37.85","144.8833",NA,"0","0","1","0","0","0","0","0","0","0","0","0","0","0","0"
"WIM 150 (Drung South, CRA, Horsham)","-36.71667","142.2","La, Ce, Pr, Nd, Sm, Tb, Y, Yb","0","0","0","0","0","0","0","0","0","0","0","0","0","0","0"
"Wind Mountain, Cornudas Mountains","32.02382","-105.50162","La, Nd, Y","1","1","1","0","0","0","0","0","0","1","1","1","1","1","0"
"Witchit","7.85","98.3667","La, Ce, Pr, Nd, Sm, Tb","0","1","1","0","0","0","0","0","0","1","0","0","0","0","0"
"Witwatersrand","-25.91667","27.75","La, Ce, Pr, Nd, Sm, Tb","1","1","0","0","0","0","0","0","0","1","1","1","1","0","0"
"Wolf Mountain","62.3333","-161.48333","La, Ce, Pr, Nd, Sm, Tb, Y, Eu, Gd, Dy, Er, Tm, Lu","1","1","0","0","0","0","0","0","0","1","1","1","1","0","0"
"Wonnerup","-33.61667","115.41667","La, Ce, Pr, Nd, Sm, Tb, Y, Yb","1","1","1","1","1","1","1","1","1","1","1","1","1","0","0"
"Wonnerup Beach","-33.61667","115.41667","La, Ce, Pr, Nd, Sm, Tb","1","1","1","0","0","0","0","0","0","1","1","1","1","1","0"
"Wooley Valley","42.8333","-111.4","La, Ce, Pr, Nd, Sm, Tb","1","1","0","0","0","0","0","0","0","1","1","1","1","0","0"
"Woornack","-37.4667","144.7833","La, Ce, Pr, Nd, Sm, Tb","1","1","0","0","0","0","0","0","0","1","1","1","1","0","0"
"Wuhe","23.4667","112.3333","Y, Tb, Yb, La, Ce, Pr, Nd, Sm","1","1","0","0","0","0","0","0","0","1","1","1","1","0","0"
"Wuzhaung (Baoding)","18.71667","110.3667","La, Ce, Pr, Nd, Sm, Tb","1","1","1","0","0","0","0","0","0","1","1","1","1","1","0"
"Wuzhou","23.48333","111.31667",NA,"1","1","0","0","0","0","0","0","0","1","1","1","1","0","0"
"Xihuashan","25.4333","114.333","Ho, Y, Gd, Dy, La, Ce, Pr, Nd, Sm, Tb, Yb","0","0","0","0","0","0","0","0","0","0","0","0","0","0","0"
"Xing'an","45.1667","120.5","Y, La, Ce, Pr, Nd, Sm, Tb","1","1","1","0","1","1","0","0","0","1","1","1","1","1","1"
"Xinglong","19.0362","109.503","La, Ce, Pr, Nd, Sm, Tb","1","1","1","0","0","0","0","0","0","1","1","1","1","0","0"
"Xinhua","26.7","105.75","Ce, La, Pr, Nd, Sm, Tb","1","1","0","0","0","0","0","0","0","1","1","1","1","0","0"
"Xintou","23.1833","113.2322","La, Ce, Pr, Nd, Sm, Tb, Y, Yb","1","1","0","0","0","0","0","0","0","1","1","1","1","0","0"
"Xitou","27.4","119.1333","La, Ce, Pr, Nd, Sm, Tb","1","1","1","0","0","0","0","0","0","1","1","1","1","1","0"
"Xiuwen","26.85","106.58333",NA,"1","1","0","0","0","0","0","0","0","1","1","1","1","0","0"
"Xueshan","24.3667","113.6",NA,"0","0","0","0","0","0","0","0","0","0","0","0","0","0","0"
"Xun Jiang","23.5","110.8333","La, Ce, Pr, Nd, Sm, Tb","0","0","0","0","0","0","0","0","0","0","0","0","0","0","0"
"Xunwun (Xunwu, Xun wa, Heling, Nanqiao)","24.9667","115.6333","La, Nd, Pr, Y, Sm, Gd","1","1","0","0","0","0","0","0","0","1","1","1","1","0","0"
"Yadanabon Mine","11.284722","99.2833",NA,"0","1","1","0","1","0","0","0","0","1","1","1","0","0","0"
"Yangdun","27.8333","118.5","La, Ce, Pr, Nd, Sm, Tb, Y, Dy","0","0","0","0","0","0","0","0","0","0","0","0","0","0","0"
"Yangibana","-23.8833","116.1667","La, Ce, Pr, Nd, Sm, Tb","1","1","1","0","0","1","0","0","0","1","1","1","1","0","0"
"Yangjiang (Nanshanhai)","21.85","111.9333","La, Ce, Pr, Nd, Sm, Tb, Y, Yb","1","1","0","0","0","0","0","0","0","1","1","1","1","0","0"
"Yarloop","-32.9667","115.9","La, Ce, Pr, Nd, Sm, Tb","1","1","1","0","0","0","0","0","0","1","1","1","1","1","0"
"Yarraman","-26.8333","151.9833","La, Ce, Pr, Nd, Sm, Tb","1","1","0","0","0","0","0","0","0","1","1","1","1","0","0"
"Yastrebets","51.2333","28.85","Y, Eu, Gd, Dy, Er, Tm, Lu, Ce, La, Nd","1","1","0","0","0","0","0","0","0","1","1","1","1","0","0"
"Yinachange (Yenachang)","25.5","102","Y, Eu, Gd, Dy, Er, Tm, Lu, La, Ce","1","1","1","1","1","1","1","1","1","1","0","0","0","0","0"
"Yoganup (Yoganup Central)","-33.65","115.55","La, Ce, Pr, Nd, Sm, Tb, Y, Yb","1","0","1","1","1","1","1","1","1","1","0","0","0","0","0"
"Yoganup Extended","-33.6","115.6667","La, Ce, Pr, Nd, Sm, Tb","1","1","1","0","0","0","0","0","0","1","1","1","1","1","0"
"Yoganup North (Boyanup)","-33.4833","115.7333","La, Ce, Pr, Nd, Sm, Tb","1","1","0","0","0","0","0","0","0","1","1","1","1","0","0"
"Yongsanpo","34.91667","126.667","La, Ce, Pr, Nd, Sm, Tb","1","1","0","0","0","0","0","0","0","1","1","1","1","0","0"
"Yousuobao","32.0333","114.46667","Ce, La, Nd, Sm, Gd","1","1","0","0","0","0","0","0","0","1","1","1","1","0","0"
"Ytterby Mine","59.433","18.333","Er, Ho, Tb, Y, Yb","1","1","0","0","1","0","0","0","0","1","0","1","0","0","0"
"Yueyang","29.3833","113.1","La, Ce, Pr, Nd, Sm, Tb","0","0","1","0","0","0","1","0","0","0","0","0","1","1","1"
"Yulee","30.6333","-81.61667",NA,"1","1","0","0","0","0","0","0","0","1","1","1","1","0","0"
"Zhangding (Longyan)","25.1333","117.0333",NA,"0","0","0","0","0","0","0","0","0","0","0","0","0","0","0"
"Zhanjiang","21.2","110.4667","La, Ce, Pr, Nd, Sm, Tb, Y, Yb","0","0","0","0","0","0","0","0","0","0","0","0","0","0","0"
"Zhanjiang district","21.2","110.46667","La, Ce, Pr, Nd, Sm, Tb, Y, Yb","1","1","1","0","0","0","0","0","0","1","1","1","1","1","0"
"Zhijin","26.6833","105.61667","Ce, La, Pr, Nd, Sm, Tb","1","1","1","0","0","0","0","0","0","1","1","1","1","1","0"
"Zijingshan","38.3333","110.833","Y, Ce, La, Nd, Sm, Gd, Pr, Tb","1","1","0","0","0","0","0","0","0","1","1","1","1","0","0"
"Zixing","25.96667","113.2333",NA,"1","1","1","0","1","0","0","0","0","1","1","1","1","0","0"
"Round Top Mountain","31.613627","-105.5896","Yttrium","0","0","0","0","0","0","0","0","0","0","0","0","0","0","0"
